,folder_name,image_url,class_name,x1,y1,5,6,x2,y2,9,10
0,TRAIN,distortion_new/20210905_165625.jpg,0,0.297528,0.072293,NaN,NaN,0.501279,"0.020460
",NaN,NaN
1,TRAIN,distortion_new/20210905_165625.jpg,0,0.378346,0.059335,NaN,NaN,0.502558,"0.019949
",NaN,NaN
2,TRAIN,distortion_new/20210905_165625.jpg,0,0.602728,0.075703,NaN,NaN,0.520205,"0.021483
",NaN,NaN
3,TRAIN,distortion_new/20210905_165625.jpg,0,0.708099,0.075021,NaN,NaN,0.519693,"0.021483
",NaN,NaN
4,TRAIN,distortion_new/20210905_165625.jpg,0,0.780733,0.115260,NaN,NaN,0.547315,"0.015345
",NaN,NaN
5,TRAIN,distortion_new/20210905_165625.jpg,0,0.461893,0.091390,NaN,NaN,0.505627,0.030179,NaN,NaN
0,TRAIN,distortion_new/20210905_165353.jpg,1,0.712276,0.121057,NaN,NaN,0.533248,"0.030691
",NaN,NaN
1,TRAIN,distortion_new/20210905_165353.jpg,1,0.645780,0.035806,NaN,NaN,0.523657,"0.034527
",NaN,NaN
2,TRAIN,distortion_new/20210905_165353.jpg,1,0.532396,0.057971,NaN,NaN,0.501918,"0.031969
",NaN,NaN
3,TRAIN,distortion_new/20210905_165353.jpg,0,0.282609,0.104007,NaN,NaN,0.501918,"0.037084
",NaN,NaN
4,TRAIN,distortion_new/20210905_165353.jpg,0,0.365303,0.088662,NaN,NaN,0.494885,"0.048593
",NaN,NaN
5,TRAIN,distortion_new/20210905_165353.jpg,0,0.442882,0.110827,NaN,NaN,0.506394,0.038363,NaN,NaN
0,TRAIN,distortion_new/20210905_164918.jpg,0,0.283461,0.075021,NaN,NaN,0.477621,"0.042199
",NaN,NaN
1,TRAIN,distortion_new/20210905_164918.jpg,0,0.351662,0.075021,NaN,NaN,0.477621,"0.039642
",NaN,NaN
2,TRAIN,distortion_new/20210905_164918.jpg,0,0.428389,0.078431,NaN,NaN,0.484655,"0.035806
",NaN,NaN
3,TRAIN,distortion_new/20210905_164918.jpg,1,0.653453,0.092072,NaN,NaN,0.512148,"0.031969
",NaN,NaN
4,TRAIN,distortion_new/20210905_164918.jpg,1,0.514493,0.063086,NaN,NaN,0.487212,0.035806,NaN,NaN
0,TRAIN,distortion_new/20210905_164914.jpg,0,0.542626,0.119352,NaN,NaN,0.531969,0.038363,NaN,NaN
0,TRAIN,distortion_new/20210905_165103.jpg,0,0.582694,0.080136,NaN,NaN,0.459719,"0.031969
",NaN,NaN
1,TRAIN,distortion_new/20210905_165103.jpg,0,0.649190,0.097187,NaN,NaN,0.446931,"0.029412
",NaN,NaN
2,TRAIN,distortion_new/20210905_165103.jpg,0,0.507673,0.090367,NaN,NaN,0.457161,"0.026854
",NaN,NaN
3,TRAIN,distortion_new/20210905_165103.jpg,0,0.426684,0.112532,NaN,NaN,0.457161,"0.034527
",NaN,NaN
4,TRAIN,distortion_new/20210905_165103.jpg,0,0.346547,0.098892,NaN,NaN,0.455882,"0.024297
",NaN,NaN
5,TRAIN,distortion_new/20210905_165103.jpg,0,0.269821,0.102302,NaN,NaN,0.460358,"0.025575
",NaN,NaN
6,TRAIN,distortion_new/20210905_165103.jpg,0,0.976769,0.046462,NaN,NaN,0.501918,0.042199,NaN,NaN
0,TRAIN,distortion_new/20210905_164909.jpg,0,0.071185,0.134697,NaN,NaN,0.504476,"0.054987
",NaN,NaN
1,TRAIN,distortion_new/20210905_164909.jpg,0,0.173487,0.117647,NaN,NaN,0.496164,"0.046036
",NaN,NaN
2,TRAIN,distortion_new/20210905_164909.jpg,0,0.277494,0.127877,NaN,NaN,0.495524,"0.039642
",NaN,NaN
3,TRAIN,distortion_new/20210905_164909.jpg,0,0.391731,0.131287,NaN,NaN,0.489770,"0.053708
",NaN,NaN
4,TRAIN,distortion_new/20210905_164909.jpg,0,0.476130,0.075021,NaN,NaN,0.477621,0.037084,NaN,NaN
0,TRAIN,distortion_new/20210905_165551(0).jpg,0,0.055627,0.111253,NaN,NaN,0.501918,"0.062660
",NaN,NaN
1,TRAIN,distortion_new/20210905_165551(0).jpg,0,0.125746,0.100597,NaN,NaN,0.498082,"0.044757
",NaN,NaN
2,TRAIN,distortion_new/20210905_165551(0).jpg,0,0.212702,0.090367,NaN,NaN,0.493606,"0.040921
",NaN,NaN
3,TRAIN,distortion_new/20210905_165551(0).jpg,0,0.292839,0.097187,NaN,NaN,0.489770,"0.051151
",NaN,NaN
4,TRAIN,distortion_new/20210905_165551(0).jpg,0,0.374680,0.093777,NaN,NaN,0.486573,0.049872,NaN,NaN
0,TRAIN,distortion_new/20210905_165349(0).jpg,1,0.511083,0.063086,NaN,NaN,0.457161,"0.037084
",NaN,NaN
1,TRAIN,distortion_new/20210905_165349(0).jpg,1,0.966539,0.066922,NaN,NaN,0.456522,0.076726,NaN,NaN
0,TRAIN,distortion_new/20210905_170357.jpg,1,0.215260,0.364876,NaN,NaN,0.433504,"0.145780
",NaN,NaN
1,TRAIN,distortion_new/20210905_170357.jpg,1,0.047101,0.094202,NaN,NaN,0.366368,"0.106138
",NaN,NaN
2,TRAIN,distortion_new/20210905_170357.jpg,1,0.442882,0.233589,NaN,NaN,0.403453,"0.136829
",NaN,NaN
3,TRAIN,distortion_new/20210905_170357.jpg,1,0.695226,0.482523,NaN,NaN,0.579284,0.237852,NaN,NaN
0,TRAIN,distortion_new/20210905_170344.jpg,0,0.559431,0.035651,NaN,NaN,0.507440,"0.010463
",NaN,NaN
1,TRAIN,distortion_new/20210905_170344.jpg,0,0.600248,0.041851,NaN,NaN,0.503759,0.013950,NaN,NaN
0,TRAIN,distortion_new/20210905_170740(0).jpg,1,0.263001,0.180733,NaN,NaN,0.497442,"0.074169
",NaN,NaN
1,TRAIN,distortion_new/20210905_170740(0).jpg,1,0.036019,0.072038,NaN,NaN,0.492967,"0.072890
",NaN,NaN
2,TRAIN,distortion_new/20210905_170740(0).jpg,1,0.298806,0.078431,NaN,NaN,0.578005,"0.038363
",NaN,NaN
3,TRAIN,distortion_new/20210905_170740(0).jpg,0,0.603154,0.127877,NaN,NaN,0.514066,"0.063939
",NaN,NaN
4,TRAIN,distortion_new/20210905_170740(0).jpg,0,0.505968,0.121057,NaN,NaN,0.488491,0.053708,NaN,NaN
0,TRAIN,distortion_new/20210905_165345(0).jpg,0,0.139386,0.185848,NaN,NaN,0.494885,"0.061381
",NaN,NaN
1,TRAIN,distortion_new/20210905_165345(0).jpg,0,0.256181,0.143223,NaN,NaN,0.489770,"0.048593
",NaN,NaN
2,TRAIN,distortion_new/20210905_165345(0).jpg,0,0.357630,0.138107,NaN,NaN,0.482737,"0.044757
",NaN,NaN
3,TRAIN,distortion_new/20210905_165345(0).jpg,0,0.462489,0.115942,NaN,NaN,0.475703,0.051151,NaN,NaN
0,TRAIN,distortion_new/20210905_165028.jpg,0,0.145354,0.146633,NaN,NaN,0.490409,"0.067775
",NaN,NaN
1,TRAIN,distortion_new/20210905_165028.jpg,0,0.251918,0.100597,NaN,NaN,0.482737,"0.065217
",NaN,NaN
2,TRAIN,distortion_new/20210905_165028.jpg,0,0.360188,0.136402,NaN,NaN,0.490409,"0.047315
",NaN,NaN
3,TRAIN,distortion_new/20210905_165028.jpg,0,0.430094,0.088662,NaN,NaN,0.458440,"0.021739
",NaN,NaN
4,TRAIN,distortion_new/20210905_165028.jpg,1,0.762575,0.136402,NaN,NaN,0.482737,"0.062660
",NaN,NaN
5,TRAIN,distortion_new/20210905_165028.jpg,1,0.631287,0.098892,NaN,NaN,0.488491,"0.048593
",NaN,NaN
6,TRAIN,distortion_new/20210905_165028.jpg,1,0.489770,0.102302,NaN,NaN,0.469309,"0.043478
",NaN,NaN
7,TRAIN,distortion_new/20210905_165028.jpg,0,0.643223,0.105712,NaN,NaN,0.446931,0.031969,NaN,NaN
0,TRAIN,distortion_new/20210905_165348.jpg,0,0.443734,0.190963,NaN,NaN,0.517903,0.168798,NaN,NaN
0,TRAIN,distortion_new/20210905_170415.jpg,0,0.599744,0.138107,NaN,NaN,0.531969,"0.038363
",NaN,NaN
1,TRAIN,distortion_new/20210905_170415.jpg,0,0.819693,0.144928,NaN,NaN,0.592711,0.042199,NaN,NaN
0,TRAIN,distortion_new/20210905_164952.jpg,1,0.742967,0.407502,NaN,NaN,0.497442,"0.181586
",NaN,NaN
1,TRAIN,distortion_new/20210905_164952.jpg,1,0.439471,0.369991,NaN,NaN,0.400895,"0.136829
",NaN,NaN
2,TRAIN,distortion_new/20210905_164952.jpg,1,0.488917,0.236999,NaN,NaN,0.446292,"0.135550
",NaN,NaN
3,TRAIN,distortion_new/20210905_164952.jpg,1,0.667945,0.209719,NaN,NaN,0.442455,"0.168798
",NaN,NaN
4,TRAIN,distortion_new/20210905_164952.jpg,1,0.190537,0.175618,NaN,NaN,0.354859,"0.167519
",NaN,NaN
5,TRAIN,distortion_new/20210905_164952.jpg,1,0.059889,0.119778,NaN,NaN,0.329923,"0.122762
",NaN,NaN
6,TRAIN,distortion_new/20210905_164952.jpg,1,0.940111,0.119778,NaN,NaN,0.406010,0.090793,NaN,NaN
0,TRAIN,distortion_new/20210905_170706.jpg,0,0.205030,0.317136,NaN,NaN,0.616368,"0.171355
",NaN,NaN
1,TRAIN,distortion_new/20210905_170706.jpg,0,0.091432,0.182864,NaN,NaN,0.599744,"0.107417
",NaN,NaN
2,TRAIN,distortion_new/20210905_170706.jpg,0,0.099957,0.199914,NaN,NaN,0.544118,"0.070332
",NaN,NaN
3,TRAIN,distortion_new/20210905_170706.jpg,0,0.530691,0.139812,NaN,NaN,0.542839,"0.062660
",NaN,NaN
4,TRAIN,distortion_new/20210905_170706.jpg,0,0.422421,0.158568,NaN,NaN,0.560742,0.062660,NaN,NaN
0,TRAIN,distortion_new/20210905_165542(0).jpg,0,0.093990,0.187980,NaN,NaN,0.560102,"0.112532
",NaN,NaN
1,TRAIN,distortion_new/20210905_165542(0).jpg,0,0.152813,0.305626,NaN,NaN,0.615090,"0.166240
",NaN,NaN
2,TRAIN,distortion_new/20210905_165542(0).jpg,0,0.532396,0.173913,NaN,NaN,0.533887,"0.060102
",NaN,NaN
3,TRAIN,distortion_new/20210905_165542(0).jpg,0,0.320119,0.189258,NaN,NaN,0.597826,0.072890,NaN,NaN
0,TRAIN,distortion_new/20210905_170704.jpg,0,0.882779,0.196078,NaN,NaN,0.501918,"0.103581
",NaN,NaN
1,TRAIN,distortion_new/20210905_170704.jpg,0,0.695226,0.257460,NaN,NaN,0.490409,"0.101023
",NaN,NaN
2,TRAIN,distortion_new/20210905_170704.jpg,0,0.541773,0.175618,NaN,NaN,0.500000,0.094629,NaN,NaN
0,TRAIN,distortion_new/20210905_170629(0).jpg,0,0.419864,0.238704,NaN,NaN,0.413683,0.047315,NaN,NaN
0,TRAIN,distortion_new/20210905_170636.jpg,1,0.544331,0.416027,NaN,NaN,0.446292,"0.179028
",NaN,NaN
1,TRAIN,distortion_new/20210905_170636.jpg,1,0.595482,0.225064,NaN,NaN,0.403453,"0.139386
",NaN,NaN
2,TRAIN,distortion_new/20210905_170636.jpg,1,0.777920,0.235294,NaN,NaN,0.453325,"0.177749
",NaN,NaN
3,TRAIN,distortion_new/20210905_170636.jpg,1,0.920290,0.158568,NaN,NaN,0.414322,0.074169,NaN,NaN
0,TRAIN,distortion_new/20210905_165644.jpg,1,0.403666,0.073316,NaN,NaN,0.420716,"0.063939
",NaN,NaN
1,TRAIN,distortion_new/20210905_165644.jpg,1,0.427536,0.086957,NaN,NaN,0.398977,"0.046036
",NaN,NaN
2,TRAIN,distortion_new/20210905_165644.jpg,1,0.010443,0.020886,NaN,NaN,0.427110,0.043478,NaN,NaN
0,TRAIN,distortion_new/20210905_165307.jpg,0,0.350810,0.445013,NaN,NaN,0.497442,"0.283887
",NaN,NaN
1,TRAIN,distortion_new/20210905_165307.jpg,0,0.250213,0.458653,NaN,NaN,0.599105,"0.241688
",NaN,NaN
2,TRAIN,distortion_new/20210905_165307.jpg,0,0.633845,0.189258,NaN,NaN,0.593990,0.129156,NaN,NaN
0,TRAIN,distortion_new/20210905_170405.jpg,0,0.472720,0.184143,NaN,NaN,0.535806,"0.094629
",NaN,NaN
1,TRAIN,distortion_new/20210905_170405.jpg,1,0.205882,0.042626,NaN,NaN,0.542199,0.030691,NaN,NaN
0,TRAIN,distortion_new/20210905_165631(0).jpg,1,0.347857,0.040190,NaN,NaN,0.453507,"0.012788
",NaN,NaN
1,TRAIN,distortion_new/20210905_165631(0).jpg,1,0.467818,0.043844,NaN,NaN,0.454193,0.009591,NaN,NaN
0,TRAIN,distortion_new/20210905_170448.jpg,1,0.091645,0.056266,NaN,NaN,0.549233,"0.019182
",NaN,NaN
1,TRAIN,distortion_new/20210905_170448.jpg,1,0.561381,0.057971,NaN,NaN,0.465473,0.053708,NaN,NaN
0,TRAIN,distortion_new/20210905_165623.jpg,0,0.284014,0.052414,NaN,NaN,0.466278,"0.017524
",NaN,NaN
1,TRAIN,distortion_new/20210905_165623.jpg,0,0.341480,0.043573,NaN,NaN,0.470778,"0.018945
",NaN,NaN
2,TRAIN,distortion_new/20210905_165623.jpg,0,0.833728,0.133876,NaN,NaN,0.496353,"0.029364
",NaN,NaN
3,TRAIN,distortion_new/20210905_165623.jpg,0,0.697641,0.107985,NaN,NaN,0.486407,"0.033153
",NaN,NaN
4,TRAIN,distortion_new/20210905_165623.jpg,0,0.616179,0.099144,NaN,NaN,0.497537,"0.026049
",NaN,NaN
5,TRAIN,distortion_new/20210905_165623.jpg,0,0.528717,0.077042,NaN,NaN,0.487828,0.017998,NaN,NaN
0,TRAIN,distortion_new/20210905_165225.jpg,0,0.407076,0.209719,NaN,NaN,0.517263,"0.083120
",NaN,NaN
1,TRAIN,distortion_new/20210905_165225.jpg,0,0.586104,0.086957,NaN,NaN,0.506394,"0.076726
",NaN,NaN
2,TRAIN,distortion_new/20210905_165225.jpg,0,0.127451,0.080136,NaN,NaN,0.539642,0.048593,NaN,NaN
0,TRAIN,distortion_new/20210905_170400(0).jpg,1,0.461637,0.138107,NaN,NaN,0.404731,0.052430,NaN,NaN
0,TRAIN,distortion_new/20210905_165029(0).jpg,0,0.346547,0.187553,NaN,NaN,0.547954,"0.080563
",NaN,NaN
1,TRAIN,distortion_new/20210905_165029(0).jpg,0,0.495737,0.175618,NaN,NaN,0.559463,0.080563,NaN,NaN
0,TRAIN,distortion_new/20210905_165612.jpg,0,0.455962,0.078325,NaN,NaN,0.548274,"0.031170
",NaN,NaN
1,TRAIN,distortion_new/20210905_165612.jpg,0,0.361919,0.126812,NaN,NaN,0.533088,"0.049552
",NaN,NaN
2,TRAIN,distortion_new/20210905_165612.jpg,1,0.345935,0.029838,NaN,NaN,0.549872,"0.017583
",NaN,NaN
3,TRAIN,distortion_new/20210905_165612.jpg,1,0.266011,0.023444,NaN,NaN,0.577446,"0.011988
",NaN,NaN
4,TRAIN,distortion_new/20210905_165612.jpg,1,0.247629,0.020780,NaN,NaN,0.570053,0.008392,NaN,NaN
0,TRAIN,distortion_new/20210905_165618.jpg,1,0.453501,0.040772,NaN,NaN,0.518459,"0.015012
",NaN,NaN
1,TRAIN,distortion_new/20210905_165618.jpg,1,0.696653,0.025946,NaN,NaN,0.521795,"0.010564
",NaN,NaN
2,TRAIN,distortion_new/20210905_165618.jpg,1,0.625857,0.028170,NaN,NaN,0.524575,0.011676,NaN,NaN
0,TRAIN,distortion_new/20210905_164954.jpg,0,0.809463,0.288150,NaN,NaN,0.487852,"0.134271
",NaN,NaN
1,TRAIN,distortion_new/20210905_164954.jpg,0,0.637255,0.213129,NaN,NaN,0.499361,"0.085678
",NaN,NaN
2,TRAIN,distortion_new/20210905_164954.jpg,0,0.549446,0.170503,NaN,NaN,0.457801,"0.102302
",NaN,NaN
3,TRAIN,distortion_new/20210905_164954.jpg,0,0.411338,0.231884,NaN,NaN,0.421995,"0.099744
",NaN,NaN
4,TRAIN,distortion_new/20210905_164954.jpg,0,0.126598,0.238704,NaN,NaN,0.455243,0.102302,NaN,NaN
0,TRAIN,distortion_new/20210905_164913.jpg,0,0.777067,0.124467,NaN,NaN,0.556905,0.047315,NaN,NaN
0,TRAIN,distortion_new/20210905_164910.jpg,1,0.283461,0.136402,NaN,NaN,0.333120,"0.101023
",NaN,NaN
1,TRAIN,distortion_new/20210905_164910.jpg,1,0.386616,0.144928,NaN,NaN,0.303069,"0.122762
",NaN,NaN
2,TRAIN,distortion_new/20210905_164910.jpg,1,0.495737,0.236999,NaN,NaN,0.339514,"0.144501
",NaN,NaN
3,TRAIN,distortion_new/20210905_164910.jpg,1,0.739557,0.462063,NaN,NaN,0.396419,"0.130435
",NaN,NaN
4,TRAIN,distortion_new/20210905_164910.jpg,1,0.854859,0.290281,NaN,NaN,0.494246,"0.244246
",NaN,NaN
5,TRAIN,distortion_new/20210905_164910.jpg,1,0.894928,0.210144,NaN,NaN,0.563939,0.161125,NaN,NaN
0,TRAIN,distortion_new/20210905_165542.jpg,0,0.047101,0.094202,NaN,NaN,0.517263,"0.078005
",NaN,NaN
1,TRAIN,distortion_new/20210905_165542.jpg,0,0.123188,0.109122,NaN,NaN,0.539003,"0.065217
",NaN,NaN
2,TRAIN,distortion_new/20210905_165542.jpg,0,0.206735,0.095482,NaN,NaN,0.538363,"0.058824
",NaN,NaN
3,TRAIN,distortion_new/20210905_165542.jpg,1,0.619352,0.150043,NaN,NaN,0.519821,"0.057545
",NaN,NaN
4,TRAIN,distortion_new/20210905_165542.jpg,1,0.460784,0.071611,NaN,NaN,0.507673,"0.046036
",NaN,NaN
5,TRAIN,distortion_new/20210905_165542.jpg,1,0.314152,0.109122,NaN,NaN,0.506394,0.048593,NaN,NaN
0,TRAIN,distortion_new/20210905_164948.jpg,1,0.654305,0.066496,NaN,NaN,0.510870,0.060102,NaN,NaN
0,TRAIN,distortion_new/20210905_164912(0).jpg,0,0.220375,0.286445,NaN,NaN,0.546036,"0.066496
",NaN,NaN
1,TRAIN,distortion_new/20210905_164912(0).jpg,0,0.359335,0.134697,NaN,NaN,0.561381,"0.071611
",NaN,NaN
2,TRAIN,distortion_new/20210905_164912(0).jpg,0,0.477835,0.153453,NaN,NaN,0.573529,0.070332,NaN,NaN
0,TRAIN,distortion_new/20210905_170343.jpg,0,0.480392,0.240409,NaN,NaN,0.509591,"0.108696
",NaN,NaN
1,TRAIN,distortion_new/20210905_170343.jpg,0,0.650895,0.131287,NaN,NaN,0.485294,"0.103581
",NaN,NaN
2,TRAIN,distortion_new/20210905_170343.jpg,0,0.767690,0.170503,NaN,NaN,0.519821,"0.101023
",NaN,NaN
3,TRAIN,distortion_new/20210905_170343.jpg,0,0.902600,0.194800,NaN,NaN,0.554348,0.095908,NaN,NaN
0,TRAIN,distortion_new/20210905_165320.jpg,0,0.438619,0.085251,NaN,NaN,0.478261,0.038363,NaN,NaN
0,TRAIN,distortion_new/20210905_170703(0).jpg,1,0.465047,0.086957,NaN,NaN,0.464834,"0.060102
",NaN,NaN
1,TRAIN,distortion_new/20210905_170703(0).jpg,1,0.490622,0.080136,NaN,NaN,0.447570,"0.051151
",NaN,NaN
2,TRAIN,distortion_new/20210905_170703(0).jpg,1,0.029199,0.058397,NaN,NaN,0.482097,0.048593,NaN,NaN
0,TRAIN,distortion_new/20210905_164915(0).jpg,0,0.072677,0.145354,NaN,NaN,0.508312,"0.170077
",NaN,NaN
1,TRAIN,distortion_new/20210905_164915(0).jpg,0,0.153879,0.126172,NaN,NaN,0.485294,"0.129156
",NaN,NaN
2,TRAIN,distortion_new/20210905_164915(0).jpg,0,0.088235,0.161978,NaN,NaN,0.436061,"0.086957
",NaN,NaN
3,TRAIN,distortion_new/20210905_164915(0).jpg,0,0.283461,0.177323,NaN,NaN,0.502558,"0.094629
",NaN,NaN
4,TRAIN,distortion_new/20210905_164915(0).jpg,0,0.847826,0.255754,NaN,NaN,0.576726,0.094629,NaN,NaN
0,TRAIN,distortion_new/20210905_170338.jpg,1,0.499147,0.063086,NaN,NaN,0.450767,"0.026854
",NaN,NaN
1,TRAIN,distortion_new/20210905_170338.jpg,1,0.524723,0.063086,NaN,NaN,0.450128,"0.030691
",NaN,NaN
2,TRAIN,distortion_new/20210905_170338.jpg,1,0.958653,0.081841,NaN,NaN,0.453964,0.076726,NaN,NaN
0,TRAIN,distortion_new/20210905_170426.jpg,1,0.315004,0.080136,NaN,NaN,0.489770,"0.051151
",NaN,NaN
1,TRAIN,distortion_new/20210905_170426.jpg,1,0.393436,0.066496,NaN,NaN,0.504476,"0.060102
",NaN,NaN
2,TRAIN,distortion_new/20210905_170426.jpg,1,0.465047,0.127877,NaN,NaN,0.482737,"0.067775
",NaN,NaN
3,TRAIN,distortion_new/20210905_170426.jpg,1,0.532396,0.095482,NaN,NaN,0.477621,0.067775,NaN,NaN
0,TRAIN,distortion_new/20210905_165345.jpg,1,0.553708,0.073316,NaN,NaN,0.486573,"0.024297
",NaN,NaN
1,TRAIN,distortion_new/20210905_165345.jpg,0,0.302217,0.061381,NaN,NaN,0.462916,"0.028133
",NaN,NaN
2,TRAIN,distortion_new/20210905_165345.jpg,0,0.406223,0.081841,NaN,NaN,0.470588,0.023018,NaN,NaN
0,TRAIN,distortion_new/20210905_164947.jpg,0,0.084612,0.169224,NaN,NaN,0.546675,"0.116368
",NaN,NaN
1,TRAIN,distortion_new/20210905_164947.jpg,0,0.611679,0.209719,NaN,NaN,0.516624,"0.066496
",NaN,NaN
2,TRAIN,distortion_new/20210905_164947.jpg,0,0.633845,0.192668,NaN,NaN,0.486573,0.042199,NaN,NaN
0,TRAIN,distortion_new/20210905_165624(0).jpg,0,0.270673,0.141517,NaN,NaN,0.501279,"0.056266
",NaN,NaN
1,TRAIN,distortion_new/20210905_165624(0).jpg,0,0.110188,0.220375,NaN,NaN,0.523657,"0.062660
",NaN,NaN
2,TRAIN,distortion_new/20210905_165624(0).jpg,0,0.368713,0.112532,NaN,NaN,0.480818,"0.051151
",NaN,NaN
3,TRAIN,distortion_new/20210905_165624(0).jpg,0,0.457374,0.081841,NaN,NaN,0.459719,0.044757,NaN,NaN
0,TRAIN,distortion_new/20210905_170401.jpg,0,0.477835,0.071611,NaN,NaN,0.484015,0.044757,NaN,NaN
0,TRAIN,distortion_new/20210905_164926.jpg,1,0.334284,0.033445,NaN,NaN,0.634468,"0.019673
",NaN,NaN
1,TRAIN,distortion_new/20210905_164926.jpg,1,0.298544,0.026231,NaN,NaN,0.624139,"0.013771
",NaN,NaN
2,TRAIN,distortion_new/20210905_164926.jpg,0,0.368057,0.173126,NaN,NaN,0.568562,0.063939,NaN,NaN
0,TRAIN,distortion_new/20210905_164919.jpg,0,0.564334,0.129704,NaN,NaN,0.563573,"0.046584
",NaN,NaN
1,TRAIN,distortion_new/20210905_164919.jpg,0,0.568597,0.127268,NaN,NaN,0.574306,"0.036080
",NaN,NaN
2,TRAIN,distortion_new/20210905_164919.jpg,0,0.479083,0.138229,NaN,NaN,0.525895,"0.054348
",NaN,NaN
3,TRAIN,distortion_new/20210905_164919.jpg,0,0.431281,0.082816,NaN,NaN,0.555353,"0.039277
",NaN,NaN
4,TRAIN,distortion_new/20210905_164919.jpg,0,0.594781,0.121179,NaN,NaN,0.525210,"0.046584
",NaN,NaN
5,TRAIN,distortion_new/20210905_164919.jpg,1,0.767720,0.094386,NaN,NaN,0.575904,"0.052064
",NaN,NaN
6,TRAIN,distortion_new/20210905_164919.jpg,1,0.831963,0.068201,NaN,NaN,0.577503,"0.038820
",NaN,NaN
7,TRAIN,distortion_new/20210905_164919.jpg,1,0.279046,0.081598,NaN,NaN,0.595771,"0.038820
",NaN,NaN
8,TRAIN,distortion_new/20210905_164919.jpg,1,0.241597,0.077335,NaN,NaN,0.623630,"0.047041
",NaN,NaN
9,TRAIN,distortion_new/20210905_164919.jpg,0,0.309798,0.189380,NaN,NaN,0.563345,0.038820,NaN,NaN
0,TRAIN,distortion_new/20210905_165308.jpg,1,0.461637,0.052856,NaN,NaN,0.483376,"0.038363
",NaN,NaN
1,TRAIN,distortion_new/20210905_165308.jpg,1,0.487212,0.052856,NaN,NaN,0.484655,"0.033248
",NaN,NaN
2,TRAIN,distortion_new/20210905_165308.jpg,1,0.908355,0.093777,NaN,NaN,0.485934,"0.074169
",NaN,NaN
3,TRAIN,distortion_new/20210905_165308.jpg,1,0.929668,0.112532,NaN,NaN,0.468670,0.060102,NaN,NaN
0,TRAIN,distortion_new/20210905_165413.jpg,0,0.278346,0.201194,NaN,NaN,0.560102,"0.084399
",NaN,NaN
1,TRAIN,distortion_new/20210905_165413.jpg,0,0.121483,0.228474,NaN,NaN,0.609335,"0.093350
",NaN,NaN
2,TRAIN,distortion_new/20210905_165413.jpg,0,0.371270,0.097187,NaN,NaN,0.505115,0.089514,NaN,NaN
0,TRAIN,distortion_new/20210905_164926(0).jpg,1,0.576726,0.068201,NaN,NaN,0.472506,"0.062660
",NaN,NaN
1,TRAIN,distortion_new/20210905_164926(0).jpg,1,0.509378,0.049446,NaN,NaN,0.491049,0.023018,NaN,NaN
0,TRAIN,distortion_new/20210905_164953.jpg,1,0.063512,0.081841,NaN,NaN,0.436061,"0.043478
",NaN,NaN
1,TRAIN,distortion_new/20210905_164953.jpg,1,0.451407,0.069906,NaN,NaN,0.434143,"0.057545
",NaN,NaN
2,TRAIN,distortion_new/20210905_164953.jpg,1,0.471867,0.090367,NaN,NaN,0.414962,0.044757,NaN,NaN
0,TRAIN,distortion_new/20210905_165419.jpg,0,0.084612,0.169224,NaN,NaN,0.466113,"0.139386
",NaN,NaN
1,TRAIN,distortion_new/20210905_165419.jpg,0,0.622762,0.262575,NaN,NaN,0.531969,"0.089514
",NaN,NaN
2,TRAIN,distortion_new/20210905_165419.jpg,0,0.784740,0.211424,NaN,NaN,0.504476,"0.113811
",NaN,NaN
3,TRAIN,distortion_new/20210905_165419.jpg,0,0.913683,0.172634,NaN,NaN,0.546675,0.098465,NaN,NaN
0,TRAIN,distortion_new/20210905_170451(0).jpg,0,0.425263,0.026144,NaN,NaN,0.473146,"0.014493
",NaN,NaN
1,TRAIN,distortion_new/20210905_170451(0).jpg,0,0.528986,0.041489,NaN,NaN,0.468457,0.010230,NaN,NaN
0,TRAIN,distortion_new/20210905_165614.jpg,0,0.122975,0.245950,NaN,NaN,0.346547,"0.132992
",NaN,NaN
1,TRAIN,distortion_new/20210905_165614.jpg,0,0.316709,0.213129,NaN,NaN,0.315857,"0.125320
",NaN,NaN
2,TRAIN,distortion_new/20210905_165614.jpg,0,0.490622,0.226769,NaN,NaN,0.319054,"0.129156
",NaN,NaN
3,TRAIN,distortion_new/20210905_165614.jpg,0,0.641517,0.221654,NaN,NaN,0.329284,"0.182864
",NaN,NaN
4,TRAIN,distortion_new/20210905_165614.jpg,0,0.806905,0.279625,NaN,NaN,0.310742,0.166240,NaN,NaN
0,TRAIN,distortion_new/20210905_165616.jpg,0,0.223785,0.279625,NaN,NaN,0.354220,"0.145780
",NaN,NaN
1,TRAIN,distortion_new/20210905_165616.jpg,0,0.394288,0.170503,NaN,NaN,0.374041,0.124041,NaN,NaN
0,TRAIN,distortion_new/20210905_165012.jpg,0,0.044664,0.044479,NaN,NaN,0.496497,"0.021128
",NaN,NaN
1,TRAIN,distortion_new/20210905_165012.jpg,0,0.382334,0.063012,NaN,NaN,0.501779,"0.030579
",NaN,NaN
2,TRAIN,distortion_new/20210905_165012.jpg,0,0.881982,0.157901,NaN,NaN,0.513177,"0.037807
",NaN,NaN
3,TRAIN,distortion_new/20210905_165012.jpg,0,0.414952,0.074873,NaN,NaN,0.493717,"0.032247
",NaN,NaN
4,TRAIN,distortion_new/20210905_165012.jpg,0,0.285963,0.073390,NaN,NaN,0.507339,0.025019,NaN,NaN
0,TRAIN,distortion_new/20210905_170641.jpg,1,0.865729,0.063086,NaN,NaN,0.556266,"0.030691
",NaN,NaN
1,TRAIN,distortion_new/20210905_170641.jpg,1,0.673061,0.223359,NaN,NaN,0.413683,"0.147059
",NaN,NaN
2,TRAIN,distortion_new/20210905_170641.jpg,1,0.487212,0.349531,NaN,NaN,0.445013,0.217391,NaN,NaN
0,TRAIN,distortion_new/20210905_165633.jpg,0,0.375533,0.167093,NaN,NaN,0.538363,"0.097187
",NaN,NaN
1,TRAIN,distortion_new/20210905_165633.jpg,0,0.222080,0.296675,NaN,NaN,0.593350,"0.115090
",NaN,NaN
2,TRAIN,distortion_new/20210905_165633.jpg,0,0.460784,0.156863,NaN,NaN,0.535806,"0.038363
",NaN,NaN
3,TRAIN,distortion_new/20210905_165633.jpg,0,0.141091,0.219949,NaN,NaN,0.630435,0.063939,NaN,NaN
0,TRAIN,distortion_new/20210905_165628.jpg,0,0.435209,0.068201,NaN,NaN,0.469949,0.034527,NaN,NaN
0,TRAIN,distortion_new/20210905_170403.jpg,0,0.574169,0.083546,NaN,NaN,0.440537,"0.034527
",NaN,NaN
1,TRAIN,distortion_new/20210905_170403.jpg,0,0.626172,0.105712,NaN,NaN,0.427110,"0.040921
",NaN,NaN
2,TRAIN,distortion_new/20210905_170403.jpg,0,0.530691,0.088662,NaN,NaN,0.437340,"0.043478
",NaN,NaN
3,TRAIN,distortion_new/20210905_170403.jpg,0,0.463342,0.107417,NaN,NaN,0.438619,"0.030691
",NaN,NaN
4,TRAIN,distortion_new/20210905_170403.jpg,0,0.390026,0.083546,NaN,NaN,0.445652,"0.029412
",NaN,NaN
5,TRAIN,distortion_new/20210905_170403.jpg,0,0.331202,0.085251,NaN,NaN,0.451407,"0.030691
",NaN,NaN
6,TRAIN,distortion_new/20210905_170403.jpg,0,0.273231,0.095482,NaN,NaN,0.457801,"0.038363
",NaN,NaN
7,TRAIN,distortion_new/20210905_170403.jpg,0,0.211850,0.081841,NaN,NaN,0.459719,0.039642,NaN,NaN
0,TRAIN,distortion_new/20210905_165643(0).jpg,1,0.579284,0.076726,NaN,NaN,0.425192,"0.052430
",NaN,NaN
1,TRAIN,distortion_new/20210905_165643(0).jpg,1,0.280904,0.066496,NaN,NaN,0.426471,"0.034527
",NaN,NaN
2,TRAIN,distortion_new/20210905_165643(0).jpg,1,0.620205,0.080136,NaN,NaN,0.412404,0.049872,NaN,NaN
0,TRAIN,distortion_new/20210905_165310.jpg,0,0.084612,0.169224,NaN,NaN,0.487212,"0.051151
",NaN,NaN
1,TRAIN,distortion_new/20210905_165310.jpg,0,0.220375,0.136402,NaN,NaN,0.469949,"0.044757
",NaN,NaN
2,TRAIN,distortion_new/20210905_165310.jpg,0,0.326939,0.093777,NaN,NaN,0.466113,"0.037084
",NaN,NaN
3,TRAIN,distortion_new/20210905_165310.jpg,0,0.402813,0.098892,NaN,NaN,0.463555,"0.039642
",NaN,NaN
4,TRAIN,distortion_new/20210905_165310.jpg,0,0.501705,0.112532,NaN,NaN,0.452046,"0.049872
",NaN,NaN
5,TRAIN,distortion_new/20210905_165310.jpg,0,0.572464,0.069906,NaN,NaN,0.441816,0.031969,NaN,NaN
0,TRAIN,distortion_new/20210905_165543.jpg,1,0.119565,0.239130,NaN,NaN,0.384910,"0.150895
",NaN,NaN
1,TRAIN,distortion_new/20210905_165543.jpg,1,0.043691,0.087382,NaN,NaN,0.484015,"0.170077
",NaN,NaN
2,TRAIN,distortion_new/20210905_165543.jpg,1,0.413043,0.310315,NaN,NaN,0.431586,"0.170077
",NaN,NaN
3,TRAIN,distortion_new/20210905_165543.jpg,1,0.529838,0.199488,NaN,NaN,0.367008,"0.138107
",NaN,NaN
4,TRAIN,distortion_new/20210905_165543.jpg,1,0.834399,0.331202,NaN,NaN,0.547315,"0.196931
",NaN,NaN
5,TRAIN,distortion_new/20210905_165543.jpg,1,0.662830,0.121057,NaN,NaN,0.411125,0.157289,NaN,NaN
0,TRAIN,distortion_new/20210905_165309.jpg,1,0.397682,0.044836,NaN,NaN,0.415838,"0.018945
",NaN,NaN
1,TRAIN,distortion_new/20210905_165309.jpg,1,0.577342,0.037890,NaN,NaN,0.437861,"0.011840
",NaN,NaN
2,TRAIN,distortion_new/20210905_165309.jpg,0,0.724164,0.123141,NaN,NaN,0.490196,"0.035995
",NaN,NaN
3,TRAIN,distortion_new/20210905_165309.jpg,0,0.603549,0.083989,NaN,NaN,0.464857,"0.027944
",NaN,NaN
4,TRAIN,distortion_new/20210905_165309.jpg,0,0.482302,0.091566,NaN,NaN,0.431941,0.031259,NaN,NaN
0,TRAIN,distortion_new/20210905_165621.jpg,0,0.663683,0.075021,NaN,NaN,0.465473,"0.038363
",NaN,NaN
1,TRAIN,distortion_new/20210905_165621.jpg,0,0.601449,0.076726,NaN,NaN,0.463555,0.021739,NaN,NaN
0,TRAIN,distortion_new/20210905_164920.jpg,0,0.734442,0.260870,NaN,NaN,0.437980,0.129156,NaN,NaN
0,TRAIN,distortion_new/20210905_170705.jpg,0,0.551228,0.105402,NaN,NaN,0.508312,"0.036619
",NaN,NaN
1,TRAIN,distortion_new/20210905_170705.jpg,0,0.667093,0.121677,NaN,NaN,0.492037,"0.047082
",NaN,NaN
2,TRAIN,distortion_new/20210905_170705.jpg,0,0.815121,0.121677,NaN,NaN,0.484771,"0.039526
",NaN,NaN
3,TRAIN,distortion_new/20210905_170705.jpg,0,0.845734,0.139502,NaN,NaN,0.494362,"0.024994
",NaN,NaN
4,TRAIN,distortion_new/20210905_170705.jpg,0,0.697706,0.142602,NaN,NaN,0.492037,0.038944,NaN,NaN
0,TRAIN,distortion_new/20210905_170449.jpg,0,0.425817,0.041156,NaN,NaN,0.431255,"0.014111
",NaN,NaN
1,TRAIN,distortion_new/20210905_170449.jpg,0,0.615722,0.071729,NaN,NaN,0.444925,"0.017638
",NaN,NaN
2,TRAIN,distortion_new/20210905_170449.jpg,0,0.694506,0.058794,NaN,NaN,0.446688,0.020284,NaN,NaN
0,TRAIN,distortion_new/20210905_165647.jpg,0,0.098465,0.196078,NaN,NaN,0.414962,"0.251918
",NaN,NaN
1,TRAIN,distortion_new/20210905_165647.jpg,0,0.277494,0.271100,NaN,NaN,0.347187,0.167519,NaN,NaN
0,TRAIN,distortion_new/20210905_170447.jpg,1,0.690761,0.033203,NaN,NaN,0.647799,0.012788,NaN,NaN
0,TRAIN,distortion_new/20210905_164950.jpg,1,0.545986,0.068703,NaN,NaN,0.525801,"0.037611
",NaN,NaN
1,TRAIN,distortion_new/20210905_164950.jpg,1,0.485808,0.069706,NaN,NaN,0.523356,"0.025199
",NaN,NaN
2,TRAIN,distortion_new/20210905_164950.jpg,1,0.595883,0.049145,NaN,NaN,0.527117,"0.024447
",NaN,NaN
3,TRAIN,distortion_new/20210905_164950.jpg,1,0.789203,0.054661,NaN,NaN,0.522416,"0.015797
",NaN,NaN
4,TRAIN,distortion_new/20210905_164950.jpg,0,0.681134,0.100296,NaN,NaN,0.538589,"0.039115
",NaN,NaN
5,TRAIN,distortion_new/20210905_164950.jpg,0,0.752094,0.066697,NaN,NaN,0.549496,"0.049646
",NaN,NaN
6,TRAIN,distortion_new/20210905_164950.jpg,0,0.788952,0.056166,NaN,NaN,0.556266,"0.039115
",NaN,NaN
7,TRAIN,distortion_new/20210905_164950.jpg,0,0.679881,0.065694,NaN,NaN,0.588047,0.028208,NaN,NaN
0,TRAIN,distortion_new/20210905_165223.jpg,0,0.449549,0.035318,NaN,NaN,0.496666,"0.015071
",NaN,NaN
1,TRAIN,distortion_new/20210905_165223.jpg,0,0.486999,0.043235,NaN,NaN,0.495981,"0.012788
",NaN,NaN
2,TRAIN,distortion_new/20210905_165223.jpg,0,0.557636,0.055413,NaN,NaN,0.493697,0.010961,NaN,NaN
0,TRAIN,distortion_new/20210905_165631.jpg,0,0.470162,0.069906,NaN,NaN,0.514706,"0.026854
",NaN,NaN
1,TRAIN,distortion_new/20210905_165631.jpg,0,0.538363,0.076726,NaN,NaN,0.516624,0.035806,NaN,NaN
0,TRAIN,distortion_new/20210905_165222.jpg,0,0.164962,0.315431,NaN,NaN,0.343990,"0.107417
",NaN,NaN
1,TRAIN,distortion_new/20210905_165222.jpg,0,0.346547,0.221654,NaN,NaN,0.349105,"0.130435
",NaN,NaN
2,TRAIN,distortion_new/20210905_165222.jpg,0,0.485507,0.216539,NaN,NaN,0.349744,"0.170077
",NaN,NaN
3,TRAIN,distortion_new/20210905_165222.jpg,0,0.637255,0.267690,NaN,NaN,0.332481,0.163683,NaN,NaN
0,TRAIN,distortion_new/20210905_170633.jpg,1,0.575021,0.054561,NaN,NaN,0.473146,0.053708,NaN,NaN
0,TRAIN,distortion_new/20210905_165350.jpg,0,0.603154,0.267690,NaN,NaN,0.494246,"0.049872
",NaN,NaN
1,TRAIN,distortion_new/20210905_165350.jpg,0,0.768542,0.134697,NaN,NaN,0.501279,"0.033248
",NaN,NaN
2,TRAIN,distortion_new/20210905_165350.jpg,0,0.030904,0.061807,NaN,NaN,0.564578,0.106138,NaN,NaN
0,TRAIN,distortion_new/20210905_170734.jpg,0,0.395141,0.165388,NaN,NaN,0.501279,"0.071611
",NaN,NaN
1,TRAIN,distortion_new/20210905_170734.jpg,0,0.506820,0.146633,NaN,NaN,0.507033,"0.057545
",NaN,NaN
2,TRAIN,distortion_new/20210905_170734.jpg,0,0.623615,0.138107,NaN,NaN,0.513427,"0.052430
",NaN,NaN
3,TRAIN,distortion_new/20210905_170734.jpg,0,0.713981,0.148338,NaN,NaN,0.516624,0.038363,NaN,NaN
0,TRAIN,distortion_new/20210905_164925.jpg,1,0.560529,0.059676,NaN,NaN,0.588875,0.037084,NaN,NaN
0,TRAIN,distortion_new/20210905_165629.jpg,0,0.562508,0.033492,NaN,NaN,0.426562,0.016441,NaN,NaN
0,TRAIN,distortion_new/20210905_165054.jpg,0,0.154731,0.308610,NaN,NaN,0.310102,"0.152174
",NaN,NaN
1,TRAIN,distortion_new/20210905_165054.jpg,0,0.228048,0.230179,NaN,NaN,0.288363,"0.134271
",NaN,NaN
2,TRAIN,distortion_new/20210905_165054.jpg,0,0.459079,0.259165,NaN,NaN,0.312660,"0.149616
",NaN,NaN
3,TRAIN,distortion_new/20210905_165054.jpg,0,0.494885,0.204604,NaN,NaN,0.290281,0.143223,NaN,NaN
0,TRAIN,distortion_new/20210905_165626(0).jpg,0,0.135976,0.264280,NaN,NaN,0.384910,"0.143223
",NaN,NaN
1,TRAIN,distortion_new/20210905_165626(0).jpg,0,0.300512,0.211424,NaN,NaN,0.423274,"0.166240
",NaN,NaN
2,TRAIN,distortion_new/20210905_165626(0).jpg,0,0.446292,0.206309,NaN,NaN,0.487852,"0.182864
",NaN,NaN
3,TRAIN,distortion_new/20210905_165626(0).jpg,0,0.592072,0.265985,NaN,NaN,0.543478,0.217391,NaN,NaN
0,TRAIN,distortion_new/20210905_170444.jpg,0,0.516198,0.250639,NaN,NaN,0.669437,"0.078005
",NaN,NaN
1,TRAIN,distortion_new/20210905_170444.jpg,0,0.352515,0.155158,NaN,NaN,0.618286,"0.088235
",NaN,NaN
2,TRAIN,distortion_new/20210905_170444.jpg,0,0.083760,0.167519,NaN,NaN,0.691176,"0.106138
",NaN,NaN
3,TRAIN,distortion_new/20210905_170444.jpg,0,0.259591,0.194373,NaN,NaN,0.566496,"0.094629
",NaN,NaN
4,TRAIN,distortion_new/20210905_170444.jpg,0,0.085678,0.143223,NaN,NaN,0.554348,"0.113811
",NaN,NaN
5,TRAIN,distortion_new/20210905_170444.jpg,0,0.534101,0.122762,NaN,NaN,0.539003,"0.083120
",NaN,NaN
6,TRAIN,distortion_new/20210905_170444.jpg,0,0.401961,0.179028,NaN,NaN,0.560742,"0.088235
",NaN,NaN
7,TRAIN,distortion_new/20210905_170444.jpg,0,0.677323,0.156863,NaN,NaN,0.523657,"0.075448
",NaN,NaN
8,TRAIN,distortion_new/20210905_170444.jpg,0,0.235720,0.153453,NaN,NaN,0.523018,"0.081841
",NaN,NaN
9,TRAIN,distortion_new/20210905_170444.jpg,1,0.471867,0.069906,NaN,NaN,0.487212,"0.048593
",NaN,NaN
10,TRAIN,distortion_new/20210905_170444.jpg,1,0.380648,0.102302,NaN,NaN,0.471228,0.044757,NaN,NaN
0,TRAIN,distortion_new/20210905_164955.jpg,0,0.332287,0.062776,NaN,NaN,0.462392,"0.021507
",NaN,NaN
1,TRAIN,distortion_new/20210905_164955.jpg,0,0.231148,0.018600,NaN,NaN,0.451930,"0.021507
",NaN,NaN
2,TRAIN,distortion_new/20210905_164955.jpg,0,0.274549,0.035651,NaN,NaN,0.458324,0.019182,NaN,NaN
0,TRAIN,distortion_new/20210905_170358.jpg,0,0.111253,0.190963,NaN,NaN,0.328005,"0.131714
",NaN,NaN
1,TRAIN,distortion_new/20210905_170358.jpg,0,0.269821,0.248934,NaN,NaN,0.371483,"0.149616
",NaN,NaN
2,TRAIN,distortion_new/20210905_170358.jpg,0,0.317562,0.279625,NaN,NaN,0.326726,"0.147059
",NaN,NaN
3,TRAIN,distortion_new/20210905_170358.jpg,0,0.508525,0.245524,NaN,NaN,0.346547,0.199488,NaN,NaN
0,TRAIN,distortion_new/20210905_165544(0).jpg,0,0.816283,0.325661,NaN,NaN,0.312020,"0.189258
",NaN,NaN
1,TRAIN,distortion_new/20210905_165544(0).jpg,0,0.586104,0.325661,NaN,NaN,0.287084,"0.154731
",NaN,NaN
2,TRAIN,distortion_new/20210905_165544(0).jpg,0,0.417306,0.363171,NaN,NaN,0.303069,"0.109974
",NaN,NaN
3,TRAIN,distortion_new/20210905_165544(0).jpg,0,0.140878,0.281756,NaN,NaN,0.342711,0.171355,NaN,NaN
0,TRAIN,distortion_new/20210905_165601.jpg,0,0.074382,0.148764,NaN,NaN,0.448849,"0.245524
",NaN,NaN
1,TRAIN,distortion_new/20210905_165601.jpg,0,0.187980,0.173913,NaN,NaN,0.407928,"0.171355
",NaN,NaN
2,TRAIN,distortion_new/20210905_165601.jpg,0,0.369565,0.247229,NaN,NaN,0.387468,"0.168798
",NaN,NaN
3,TRAIN,distortion_new/20210905_165601.jpg,0,0.800938,0.369991,NaN,NaN,0.368286,"0.127877
",NaN,NaN
4,TRAIN,distortion_new/20210905_165601.jpg,0,0.546036,0.221654,NaN,NaN,0.377238,0.084399,NaN,NaN
0,TRAIN,distortion_new/20210905_170629.jpg,0,0.109335,0.218670,NaN,NaN,0.362532,"0.147059
",NaN,NaN
1,TRAIN,distortion_new/20210905_170629.jpg,0,0.303069,0.179028,NaN,NaN,0.409847,"0.180307
",NaN,NaN
2,TRAIN,distortion_new/20210905_170629.jpg,0,0.395141,0.202899,NaN,NaN,0.364450,"0.161125
",NaN,NaN
3,TRAIN,distortion_new/20210905_170629.jpg,0,0.556266,0.190963,NaN,NaN,0.338875,"0.145780
",NaN,NaN
4,TRAIN,distortion_new/20210905_170629.jpg,0,0.713129,0.218244,NaN,NaN,0.349744,"0.129156
",NaN,NaN
5,TRAIN,distortion_new/20210905_170629.jpg,0,0.870844,0.196078,NaN,NaN,0.326726,0.131714,NaN,NaN
0,TRAIN,distortion_new/20210905_170423.jpg,1,0.596334,0.380222,NaN,NaN,0.381074,"0.230179
",NaN,NaN
1,TRAIN,distortion_new/20210905_170423.jpg,1,0.377238,0.129582,NaN,NaN,0.268542,0.094629,NaN,NaN
0,TRAIN,distortion_new/20210905_165028(0).jpg,1,0.516198,0.090367,NaN,NaN,0.501279,"0.069054
",NaN,NaN
1,TRAIN,distortion_new/20210905_165028(0).jpg,1,0.408781,0.022165,NaN,NaN,0.519182,0.015345,NaN,NaN
0,TRAIN,distortion_new/20210905_165541.jpg,0,0.353794,0.140191,NaN,NaN,0.538268,0.055413,NaN,NaN
0,TRAIN,distortion_new/20210905_165027(0).jpg,1,0.546888,0.073316,NaN,NaN,0.489130,"0.019182
",NaN,NaN
1,TRAIN,distortion_new/20210905_165027(0).jpg,0,0.284314,0.066496,NaN,NaN,0.460997,0.026854,NaN,NaN
0,TRAIN,distortion_new/20210905_165707.jpg,1,0.491475,0.514919,NaN,NaN,0.414322,"0.235294
",NaN,NaN
1,TRAIN,distortion_new/20210905_165707.jpg,1,0.866795,0.266410,NaN,NaN,0.515345,"0.189258
",NaN,NaN
2,TRAIN,distortion_new/20210905_165707.jpg,1,0.704604,0.371697,NaN,NaN,0.397059,0.057545,NaN,NaN
0,TRAIN,distortion_new/20210905_164920(0).jpg,0,0.255602,0.079771,NaN,NaN,0.490729,"0.023292
",NaN,NaN
1,TRAIN,distortion_new/20210905_164920(0).jpg,0,0.335982,0.051760,NaN,NaN,0.493926,"0.019638
",NaN,NaN
2,TRAIN,distortion_new/20210905_164920(0).jpg,0,0.405706,0.079162,NaN,NaN,0.492099,"0.022379
",NaN,NaN
3,TRAIN,distortion_new/20210905_164920(0).jpg,0,0.495524,0.104129,NaN,NaN,0.502832,"0.027402
",NaN,NaN
4,TRAIN,distortion_new/20210905_164920(0).jpg,0,0.628882,0.130922,NaN,NaN,0.504887,"0.033339
",NaN,NaN
5,TRAIN,distortion_new/20210905_164920(0).jpg,0,0.732706,0.109609,NaN,NaN,0.515619,"0.039277
",NaN,NaN
6,TRAIN,distortion_new/20210905_164920(0).jpg,0,0.761022,0.128486,NaN,NaN,0.507627,"0.054348
",NaN,NaN
7,TRAIN,distortion_new/20210905_164920(0).jpg,0,0.848405,0.087687,NaN,NaN,0.522927,0.041103,NaN,NaN
0,TRAIN,distortion_new/20210905_170540.jpg,0,0.494256,0.073885,NaN,NaN,0.498721,0.037754,NaN,NaN
0,TRAIN,distortion_new/20210905_165628(0).jpg,0,0.623615,0.247229,NaN,NaN,0.450767,"0.124041
",NaN,NaN
1,TRAIN,distortion_new/20210905_165628(0).jpg,0,0.774510,0.231884,NaN,NaN,0.508312,"0.116368
",NaN,NaN
2,TRAIN,distortion_new/20210905_165628(0).jpg,0,0.910060,0.148338,NaN,NaN,0.560742,0.072890,NaN,NaN
0,TRAIN,distortion_new/20210905_165710.jpg,1,0.416115,0.054679,NaN,NaN,0.491886,"0.024253
",NaN,NaN
1,TRAIN,distortion_new/20210905_165710.jpg,1,0.455508,0.034689,NaN,NaN,0.497619,"0.020725
",NaN,NaN
2,TRAIN,distortion_new/20210905_165710.jpg,1,0.629244,0.030573,NaN,NaN,0.501808,"0.013229
",NaN,NaN
3,TRAIN,distortion_new/20210905_165710.jpg,0,0.543111,0.104066,NaN,NaN,0.507981,"0.042332
",NaN,NaN
4,TRAIN,distortion_new/20210905_165710.jpg,0,0.596026,0.033513,NaN,NaN,0.515698,"0.037481
",NaN,NaN
5,TRAIN,distortion_new/20210905_165710.jpg,0,0.652174,0.088191,NaN,NaN,0.527163,"0.022489
",NaN,NaN
6,TRAIN,distortion_new/20210905_165710.jpg,0,0.725079,0.102302,NaN,NaN,0.525399,"0.039245
",NaN,NaN
7,TRAIN,distortion_new/20210905_165710.jpg,0,0.767410,0.084664,NaN,NaN,0.542817,0.034395,NaN,NaN
0,TRAIN,distortion_new/20210905_164949(0).jpg,1,0.151321,0.076726,NaN,NaN,0.427749,"0.034527
",NaN,NaN
1,TRAIN,distortion_new/20210905_164949(0).jpg,1,0.500000,0.068201,NaN,NaN,0.423913,"0.054987
",NaN,NaN
2,TRAIN,distortion_new/20210905_164949(0).jpg,1,0.536658,0.066496,NaN,NaN,0.414322,0.043478,NaN,NaN
0,TRAIN,distortion_new/20210905_170631.jpg,1,0.448849,0.129582,NaN,NaN,0.471228,0.049872,NaN,NaN
0,TRAIN,distortion_new/20210905_165346.jpg,0,0.140026,0.280051,NaN,NaN,0.409207,"0.120205
",NaN,NaN
1,TRAIN,distortion_new/20210905_165346.jpg,0,0.343137,0.242114,NaN,NaN,0.447570,"0.104859
",NaN,NaN
2,TRAIN,distortion_new/20210905_165346.jpg,0,0.482097,0.189258,NaN,NaN,0.448210,"0.111253
",NaN,NaN
3,TRAIN,distortion_new/20210905_165346.jpg,0,0.629582,0.218244,NaN,NaN,0.486573,0.124041,NaN,NaN
0,TRAIN,distortion_new/20210905_164951.jpg,1,0.791773,0.416454,NaN,NaN,0.500000,"0.194373
",NaN,NaN
1,TRAIN,distortion_new/20210905_164951.jpg,1,0.898338,0.203324,NaN,NaN,0.523657,"0.118926
",NaN,NaN
2,TRAIN,distortion_new/20210905_164951.jpg,1,0.664535,0.260870,NaN,NaN,0.456522,"0.189258
",NaN,NaN
3,TRAIN,distortion_new/20210905_164951.jpg,1,0.442882,0.349531,NaN,NaN,0.400256,"0.130435
",NaN,NaN
4,TRAIN,distortion_new/20210905_164951.jpg,1,0.199062,0.199488,NaN,NaN,0.352302,"0.159847
",NaN,NaN
5,TRAIN,distortion_new/20210905_164951.jpg,1,0.073529,0.147058,NaN,NaN,0.351662,0.132992,NaN,NaN
0,TRAIN,distortion_new/20210905_164917.jpg,0,0.182012,0.117647,NaN,NaN,0.469309,"0.035806
",NaN,NaN
1,TRAIN,distortion_new/20210905_164917.jpg,0,0.307332,0.115942,NaN,NaN,0.468670,"0.039642
",NaN,NaN
2,TRAIN,distortion_new/20210905_164917.jpg,0,0.400840,0.090303,NaN,NaN,0.474330,"0.025102
",NaN,NaN
3,TRAIN,distortion_new/20210905_164917.jpg,0,0.471567,0.094092,NaN,NaN,0.480250,"0.029364
",NaN,NaN
4,TRAIN,distortion_new/20210905_164917.jpg,0,0.541663,0.102933,NaN,NaN,0.482855,"0.039310
",NaN,NaN
5,TRAIN,distortion_new/20210905_164917.jpg,0,0.619652,0.097250,NaN,NaN,0.487354,"0.035048
",NaN,NaN
6,TRAIN,distortion_new/20210905_164917.jpg,0,0.701115,0.090935,NaN,NaN,0.491143,"0.041679
",NaN,NaN
7,TRAIN,distortion_new/20210905_164917.jpg,0,0.776262,0.104828,NaN,NaN,0.488775,"0.044520
",NaN,NaN
8,TRAIN,distortion_new/20210905_164917.jpg,0,0.833412,0.080200,NaN,NaN,0.491854,0.055413,NaN,NaN
0,TRAIN,distortion_new/20210905_170635.jpg,0,0.387468,0.136402,NaN,NaN,0.542839,"0.057545
",NaN,NaN
1,TRAIN,distortion_new/20210905_170635.jpg,0,0.467604,0.136402,NaN,NaN,0.549872,"0.051151
",NaN,NaN
2,TRAIN,distortion_new/20210905_170635.jpg,0,0.552856,0.102302,NaN,NaN,0.563299,0.052430,NaN,NaN
0,TRAIN,distortion_new/20210905_165420.jpg,1,0.374680,0.516624,NaN,NaN,0.556905,"0.241688
",NaN,NaN
1,TRAIN,distortion_new/20210905_165420.jpg,1,0.118713,0.237425,NaN,NaN,0.390026,"0.168798
",NaN,NaN
2,TRAIN,distortion_new/20210905_165420.jpg,1,0.076939,0.153878,NaN,NaN,0.342711,"0.104859
",NaN,NaN
3,TRAIN,distortion_new/20210905_165420.jpg,1,0.245098,0.213129,NaN,NaN,0.418798,"0.134271
",NaN,NaN
4,TRAIN,distortion_new/20210905_165420.jpg,1,0.376385,0.223359,NaN,NaN,0.439898,"0.184143
",NaN,NaN
5,TRAIN,distortion_new/20210905_165420.jpg,1,0.524723,0.189258,NaN,NaN,0.445652,"0.152174
",NaN,NaN
6,TRAIN,distortion_new/20210905_165420.jpg,1,0.670503,0.228474,NaN,NaN,0.439898,"0.184143
",NaN,NaN
7,TRAIN,distortion_new/20210905_165420.jpg,1,0.878730,0.242540,NaN,NaN,0.554348,0.190537,NaN,NaN
0,TRAIN,distortion_new/20210905_164928.jpg,0,0.512788,0.216539,NaN,NaN,0.468031,"0.150895
",NaN,NaN
1,TRAIN,distortion_new/20210905_164928.jpg,0,0.648338,0.177323,NaN,NaN,0.515345,"0.099744
",NaN,NaN
2,TRAIN,distortion_new/20210905_164928.jpg,0,0.783035,0.218244,NaN,NaN,0.551790,"0.103581
",NaN,NaN
3,TRAIN,distortion_new/20210905_164928.jpg,0,0.906650,0.175618,NaN,NaN,0.595908,0.094629,NaN,NaN
0,TRAIN,distortion_new/20210905_170731.jpg,1,0.439471,0.161978,NaN,NaN,0.474425,0.053708,NaN,NaN
0,TRAIN,distortion_new/20210905_165415.jpg,1,0.881287,0.237425,NaN,NaN,0.440537,"0.141944
",NaN,NaN
1,TRAIN,distortion_new/20210905_165415.jpg,1,0.729327,0.318841,NaN,NaN,0.406650,"0.117647
",NaN,NaN
2,TRAIN,distortion_new/20210905_165415.jpg,1,0.475277,0.179028,NaN,NaN,0.379795,"0.143223
",NaN,NaN
3,TRAIN,distortion_new/20210905_165415.jpg,1,0.277494,0.134697,NaN,NaN,0.402174,"0.113811
",NaN,NaN
4,TRAIN,distortion_new/20210905_165415.jpg,1,0.338875,0.148338,NaN,NaN,0.362532,0.118926,NaN,NaN
0,TRAIN,distortion_new/20210905_170644.jpg,0,0.531530,0.081118,NaN,NaN,0.512284,"0.044951
",NaN,NaN
1,TRAIN,distortion_new/20210905_170644.jpg,0,0.576481,0.070785,NaN,NaN,0.520422,"0.043401
",NaN,NaN
2,TRAIN,distortion_new/20210905_170644.jpg,0,0.620140,0.058901,NaN,NaN,0.513640,"0.032938
",NaN,NaN
3,TRAIN,distortion_new/20210905_170644.jpg,1,0.672841,0.100235,NaN,NaN,0.542122,"0.024800
",NaN,NaN
4,TRAIN,distortion_new/20210905_170644.jpg,1,0.401070,0.045467,NaN,NaN,0.490584,"0.017825
",NaN,NaN
5,TRAIN,distortion_new/20210905_170644.jpg,1,0.444470,0.037201,NaN,NaN,0.498334,"0.017050
",NaN,NaN
6,TRAIN,distortion_new/20210905_170644.jpg,1,0.717017,0.038751,NaN,NaN,0.468883,0.013950,NaN,NaN
0,TRAIN,distortion_new/20210905_165600.jpg,0,0.474425,0.211424,NaN,NaN,0.436061,0.035806,NaN,NaN
0,TRAIN,distortion_new/20210905_170400.jpg,0,0.050512,0.101023,NaN,NaN,0.462916,"0.074169
",NaN,NaN
1,TRAIN,distortion_new/20210905_170400.jpg,0,0.122336,0.100597,NaN,NaN,0.463555,"0.067775
",NaN,NaN
2,TRAIN,distortion_new/20210905_170400.jpg,0,0.203325,0.112532,NaN,NaN,0.464194,"0.058824
",NaN,NaN
3,TRAIN,distortion_new/20210905_170400.jpg,0,0.297101,0.132992,NaN,NaN,0.469949,"0.060102
",NaN,NaN
4,TRAIN,distortion_new/20210905_170400.jpg,0,0.384058,0.119352,NaN,NaN,0.460358,"0.061381
",NaN,NaN
5,TRAIN,distortion_new/20210905_170400.jpg,0,0.467604,0.102302,NaN,NaN,0.459719,0.052430,NaN,NaN
0,TRAIN,distortion_new/20210905_164956.jpg,0,0.392583,0.201194,NaN,NaN,0.337596,"0.120205
",NaN,NaN
1,TRAIN,distortion_new/20210905_164956.jpg,0,0.257033,0.161978,NaN,NaN,0.337596,"0.099744
",NaN,NaN
2,TRAIN,distortion_new/20210905_164956.jpg,0,0.538363,0.168798,NaN,NaN,0.344629,"0.118926
",NaN,NaN
3,TRAIN,distortion_new/20210905_164956.jpg,0,0.696931,0.202899,NaN,NaN,0.335038,"0.130435
",NaN,NaN
4,TRAIN,distortion_new/20210905_164956.jpg,0,0.881074,0.230179,NaN,NaN,0.377877,0.101023,NaN,NaN
0,TRAIN,distortion_new/20210905_165000.jpg,0,0.434383,0.030904,NaN,NaN,0.472746,"0.019182
",NaN,NaN
1,TRAIN,distortion_new/20210905_165000.jpg,0,0.495924,0.093244,NaN,NaN,0.474544,"0.017983
",NaN,NaN
2,TRAIN,distortion_new/20210905_165000.jpg,0,0.546808,0.068201,NaN,NaN,0.492327,"0.013587
",NaN,NaN
3,TRAIN,distortion_new/20210905_165000.jpg,0,0.408275,0.060742,NaN,NaN,0.486933,0.009990,NaN,NaN
0,TRAIN,distortion_new/20210905_164923(0).jpg,0,0.522922,0.054451,NaN,NaN,0.497484,"0.021450
",NaN,NaN
1,TRAIN,distortion_new/20210905_164923(0).jpg,0,0.399169,0.094052,NaN,NaN,0.461596,"0.022275
",NaN,NaN
2,TRAIN,distortion_new/20210905_164923(0).jpg,0,0.319968,0.054451,NaN,NaN,0.456645,"0.008250
",NaN,NaN
3,TRAIN,distortion_new/20210905_164923(0).jpg,0,0.319693,0.047301,NaN,NaN,0.474590,"0.016088
",NaN,NaN
4,TRAIN,distortion_new/20210905_164923(0).jpg,1,0.468471,0.032451,NaN,NaN,0.481808,"0.014850
",NaN,NaN
5,TRAIN,distortion_new/20210905_164923(0).jpg,1,0.394219,0.078651,NaN,NaN,0.484902,"0.008663
",NaN,NaN
6,TRAIN,distortion_new/20210905_164923(0).jpg,1,0.249017,0.055551,NaN,NaN,0.472115,0.009488,NaN,NaN
0,TRAIN,distortion_new/20210905_164924.jpg,0,0.349957,0.194373,NaN,NaN,0.365729,"0.092072
",NaN,NaN
1,TRAIN,distortion_new/20210905_164924.jpg,0,0.555413,0.264280,NaN,NaN,0.374680,"0.109974
",NaN,NaN
2,TRAIN,distortion_new/20210905_164924.jpg,0,0.732737,0.168798,NaN,NaN,0.372123,0.138107,NaN,NaN
0,TRAIN,distortion_new/20210905_165613.jpg,0,0.659420,0.104007,NaN,NaN,0.551790,"0.029412
",NaN,NaN
1,TRAIN,distortion_new/20210905_165613.jpg,0,0.499147,0.066496,NaN,NaN,0.536445,"0.026854
",NaN,NaN
2,TRAIN,distortion_new/20210905_165613.jpg,0,0.799233,0.124467,NaN,NaN,0.569693,"0.039642
",NaN,NaN
3,TRAIN,distortion_new/20210905_165613.jpg,0,0.586104,0.069906,NaN,NaN,0.542199,0.030691,NaN,NaN
0,TRAIN,distortion_new/20210905_164915.jpg,1,0.238278,0.114237,NaN,NaN,0.475064,"0.052430
",NaN,NaN
1,TRAIN,distortion_new/20210905_164915.jpg,1,0.205030,0.064791,NaN,NaN,0.479540,"0.035806
",NaN,NaN
2,TRAIN,distortion_new/20210905_164915.jpg,1,0.378943,0.112532,NaN,NaN,0.469309,"0.040921
",NaN,NaN
3,TRAIN,distortion_new/20210905_164915.jpg,1,0.312447,0.075021,NaN,NaN,0.476343,"0.031969
",NaN,NaN
4,TRAIN,distortion_new/20210905_164915.jpg,0,0.373828,0.334186,NaN,NaN,0.601023,0.089514,NaN,NaN
0,TRAIN,distortion_new/20210905_164916.jpg,0,0.145354,0.283035,NaN,NaN,0.641304,"0.103581
",NaN,NaN
1,TRAIN,distortion_new/20210905_164916.jpg,0,0.395993,0.201194,NaN,NaN,0.591432,"0.111253
",NaN,NaN
2,TRAIN,distortion_new/20210905_164916.jpg,0,0.197357,0.141517,NaN,NaN,0.556905,"0.101023
",NaN,NaN
3,TRAIN,distortion_new/20210905_164916.jpg,0,0.506820,0.190963,NaN,NaN,0.542839,"0.101023
",NaN,NaN
4,TRAIN,distortion_new/20210905_164916.jpg,0,0.307332,0.139812,NaN,NaN,0.530691,"0.076726
",NaN,NaN
5,TRAIN,distortion_new/20210905_164916.jpg,1,0.520460,0.071611,NaN,NaN,0.473146,"0.033248
",NaN,NaN
6,TRAIN,distortion_new/20210905_164916.jpg,1,0.433504,0.075021,NaN,NaN,0.463555,0.042199,NaN,NaN
0,TRAIN,distortion_new/20210905_170450.jpg,0,0.952046,0.095908,NaN,NaN,0.508951,"0.035806
",NaN,NaN
1,TRAIN,distortion_new/20210905_170450.jpg,0,0.760017,0.090367,NaN,NaN,0.479540,"0.025575
",NaN,NaN
2,TRAIN,distortion_new/20210905_170450.jpg,0,0.626172,0.037511,NaN,NaN,0.494885,"0.030691
",NaN,NaN
3,TRAIN,distortion_new/20210905_170450.jpg,0,0.526428,0.066496,NaN,NaN,0.489770,"0.028133
",NaN,NaN
4,TRAIN,distortion_new/20210905_170450.jpg,0,0.410486,0.052856,NaN,NaN,0.502558,"0.025575
",NaN,NaN
5,TRAIN,distortion_new/20210905_170450.jpg,0,0.329497,0.071611,NaN,NaN,0.501279,"0.028133
",NaN,NaN
6,TRAIN,distortion_new/20210905_170450.jpg,0,0.673061,0.046036,NaN,NaN,0.485294,"0.034527
",NaN,NaN
7,TRAIN,distortion_new/20210905_170450.jpg,0,0.533248,0.161978,NaN,NaN,0.491049,0.020460,NaN,NaN
0,TRAIN,distortion_new/20210905_165615.jpg,1,0.186061,0.372122,NaN,NaN,0.449488,"0.223785
",NaN,NaN
1,TRAIN,distortion_new/20210905_165615.jpg,1,0.487212,0.271100,NaN,NaN,0.530691,"0.327366
",NaN,NaN
2,TRAIN,distortion_new/20210905_165615.jpg,1,0.598039,0.397272,NaN,NaN,0.545396,"0.277494
",NaN,NaN
3,TRAIN,distortion_new/20210905_165615.jpg,1,0.575021,0.177323,NaN,NaN,0.406650,"0.179028
",NaN,NaN
4,TRAIN,distortion_new/20210905_165615.jpg,1,0.910273,0.179454,NaN,NaN,0.496803,"0.095908
",NaN,NaN
5,TRAIN,distortion_new/20210905_165615.jpg,0,0.883632,0.180733,NaN,NaN,0.413683,0.057545,NaN,NaN
0,TRAIN,distortion_new/20210905_164917(0).jpg,0,0.528133,0.117647,NaN,NaN,0.489770,0.051151,NaN,NaN
0,TRAIN,distortion_new/20210905_165347.jpg,0,0.242540,0.197783,NaN,NaN,0.553708,"0.066496
",NaN,NaN
1,TRAIN,distortion_new/20210905_165347.jpg,0,0.349105,0.114237,NaN,NaN,0.558824,"0.063939
",NaN,NaN
2,TRAIN,distortion_new/20210905_165347.jpg,0,0.440324,0.098892,NaN,NaN,0.570332,"0.063939
",NaN,NaN
3,TRAIN,distortion_new/20210905_165347.jpg,0,0.491475,0.081841,NaN,NaN,0.582481,0.039642,NaN,NaN
0,TRAIN,distortion_new/20210905_170537.jpg,1,0.716539,0.156863,NaN,NaN,0.533887,"0.093350
",NaN,NaN
1,TRAIN,distortion_new/20210905_170537.jpg,1,0.546036,0.075021,NaN,NaN,0.510870,"0.044757
",NaN,NaN
2,TRAIN,distortion_new/20210905_170537.jpg,1,0.415601,0.110827,NaN,NaN,0.512148,"0.047315
",NaN,NaN
3,TRAIN,distortion_new/20210905_170537.jpg,0,0.085465,0.170929,NaN,NaN,0.547954,"0.090793
",NaN,NaN
4,TRAIN,distortion_new/20210905_170537.jpg,0,0.265558,0.131287,NaN,NaN,0.554987,0.089514,NaN,NaN
0,TRAIN,distortion_new/20210905_165226.jpg,0,0.297619,0.107782,NaN,NaN,0.570195,"0.033339
",NaN,NaN
1,TRAIN,distortion_new/20210905_165226.jpg,0,0.304926,0.111436,NaN,NaN,0.531832,"0.031513
",NaN,NaN
2,TRAIN,distortion_new/20210905_165226.jpg,0,0.372214,0.082816,NaN,NaN,0.545077,"0.031513
",NaN,NaN
3,TRAIN,distortion_new/20210905_165226.jpg,0,0.341463,0.074900,NaN,NaN,0.553754,"0.036993
",NaN,NaN
4,TRAIN,distortion_new/20210905_165226.jpg,0,0.485172,0.121179,NaN,NaN,0.528635,"0.039733
",NaN,NaN
5,TRAIN,distortion_new/20210905_165226.jpg,0,0.399921,0.109000,NaN,NaN,0.542565,0.045670,NaN,NaN
0,TRAIN,distortion_new/20210905_165410.jpg,0,0.647485,0.127877,NaN,NaN,0.512788,0.056266,NaN,NaN
0,TRAIN,distortion_new/20210905_164949.jpg,1,0.231245,0.462489,NaN,NaN,0.556905,"0.285166
",NaN,NaN
1,TRAIN,distortion_new/20210905_164949.jpg,1,0.225490,0.214834,NaN,NaN,0.377238,"0.140665
",NaN,NaN
2,TRAIN,distortion_new/20210905_164949.jpg,1,0.050512,0.101023,NaN,NaN,0.382353,"0.117647
",NaN,NaN
3,TRAIN,distortion_new/20210905_164949.jpg,0,0.616795,0.281330,NaN,NaN,0.533248,"0.283887
",NaN,NaN
4,TRAIN,distortion_new/20210905_164949.jpg,0,0.796675,0.201194,NaN,NaN,0.574169,0.148338,NaN,NaN
0,TRAIN,distortion_new/20210905_165029.jpg,0,0.113811,0.158568,NaN,NaN,0.519182,"0.081841
",NaN,NaN
1,TRAIN,distortion_new/20210905_165029.jpg,0,0.340580,0.117647,NaN,NaN,0.515985,"0.057545
",NaN,NaN
2,TRAIN,distortion_new/20210905_165029.jpg,0,0.378943,0.078431,NaN,NaN,0.461637,"0.058824
",NaN,NaN
3,TRAIN,distortion_new/20210905_165029.jpg,0,0.481245,0.102302,NaN,NaN,0.443734,0.046036,NaN,NaN
0,TRAIN,distortion_new/20210905_165414.jpg,0,0.683433,0.058384,NaN,NaN,0.509378,"0.023638
",NaN,NaN
1,TRAIN,distortion_new/20210905_165414.jpg,0,0.529463,0.047017,NaN,NaN,0.484771,"0.018600
",NaN,NaN
2,TRAIN,distortion_new/20210905_165414.jpg,0,0.350177,0.036684,NaN,NaN,0.478377,"0.017438
",NaN,NaN
3,TRAIN,distortion_new/20210905_165414.jpg,0,0.470046,0.048051,NaN,NaN,0.482058,0.014725,NaN,NaN
0,TRAIN,distortion_new/20210905_170740.jpg,0,0.640742,0.075176,NaN,NaN,0.478086,"0.029644
",NaN,NaN
1,TRAIN,distortion_new/20210905_170740.jpg,0,0.911997,0.112377,NaN,NaN,0.525459,"0.032551
",NaN,NaN
2,TRAIN,distortion_new/20210905_170740.jpg,0,0.826746,0.106177,NaN,NaN,0.496687,"0.040107
",NaN,NaN
3,TRAIN,distortion_new/20210905_170740.jpg,0,0.550841,0.118577,NaN,NaN,0.481283,0.025575,NaN,NaN
0,TRAIN,distortion_new/20210905_165547(0).jpg,0,0.088875,0.177749,NaN,NaN,0.579923,"0.218670
",NaN,NaN
1,TRAIN,distortion_new/20210905_165547(0).jpg,0,0.239983,0.202899,NaN,NaN,0.526215,"0.116368
",NaN,NaN
2,TRAIN,distortion_new/20210905_165547(0).jpg,0,0.671355,0.216539,NaN,NaN,0.517263,0.083120,NaN,NaN
0,TRAIN,distortion_new/20210905_164959.jpg,0,0.063299,0.126598,NaN,NaN,0.349744,"0.223785
",NaN,NaN
1,TRAIN,distortion_new/20210905_164959.jpg,0,0.179454,0.184143,NaN,NaN,0.299233,"0.115090
",NaN,NaN
2,TRAIN,distortion_new/20210905_164959.jpg,0,0.291986,0.306905,NaN,NaN,0.337596,"0.130435
",NaN,NaN
3,TRAIN,distortion_new/20210905_164959.jpg,0,0.912830,0.174339,NaN,NaN,0.361253,"0.149616
",NaN,NaN
4,TRAIN,distortion_new/20210905_164959.jpg,0,0.528986,0.252344,NaN,NaN,0.323529,0.104859,NaN,NaN
0,TRAIN,distortion_new/20210905_165409.jpg,0,0.721654,0.092072,NaN,NaN,0.464834,"0.037084
",NaN,NaN
1,TRAIN,distortion_new/20210905_165409.jpg,0,0.667093,0.143223,NaN,NaN,0.466752,"0.035806
",NaN,NaN
2,TRAIN,distortion_new/20210905_165409.jpg,0,0.535806,0.211424,NaN,NaN,0.468670,"0.031969
",NaN,NaN
3,TRAIN,distortion_new/20210905_165409.jpg,0,0.386616,0.127877,NaN,NaN,0.470588,"0.030691
",NaN,NaN
4,TRAIN,distortion_new/20210905_165409.jpg,0,0.270673,0.161978,NaN,NaN,0.468670,0.026854,NaN,NaN
0,TRAIN,distortion_new/20210905_165547.jpg,0,0.179454,0.204604,NaN,NaN,0.478900,"0.078005
",NaN,NaN
1,TRAIN,distortion_new/20210905_165547.jpg,0,0.719949,0.228474,NaN,NaN,0.565217,"0.089514
",NaN,NaN
2,TRAIN,distortion_new/20210905_165547.jpg,0,0.877877,0.244246,NaN,NaN,0.524936,0.090793,NaN,NaN
0,TRAIN,distortion_new/20210905_164954(0).jpg,0,0.399921,0.050542,NaN,NaN,0.472232,"0.019182
",NaN,NaN
1,TRAIN,distortion_new/20210905_164954(0).jpg,0,0.549415,0.136402,NaN,NaN,0.482965,"0.016898
",NaN,NaN
2,TRAIN,distortion_new/20210905_164954(0).jpg,0,0.757977,0.156497,NaN,NaN,0.502147,"0.026032
",NaN,NaN
3,TRAIN,distortion_new/20210905_164954(0).jpg,1,0.648368,0.038363,NaN,NaN,0.507855,"0.019182
",NaN,NaN
4,TRAIN,distortion_new/20210905_164954(0).jpg,1,0.370996,0.059676,NaN,NaN,0.494611,"0.014615
",NaN,NaN
5,TRAIN,distortion_new/20210905_164954(0).jpg,1,0.417885,0.045062,NaN,NaN,0.491186,"0.015985
",NaN,NaN
6,TRAIN,distortion_new/20210905_164954(0).jpg,0,0.469949,0.042017,NaN,NaN,0.492327,"0.026489
",NaN,NaN
7,TRAIN,distortion_new/20210905_164954(0).jpg,1,0.774114,0.071855,NaN,NaN,0.535714,0.015528,NaN,NaN
0,TRAIN,distortion_new/20210905_170510.jpg,1,0.030904,0.061807,NaN,NaN,0.500000,"0.076726
",NaN,NaN
1,TRAIN,distortion_new/20210905_170510.jpg,1,0.118073,0.146633,NaN,NaN,0.491688,"0.093350
",NaN,NaN
2,TRAIN,distortion_new/20210905_170510.jpg,1,0.604007,0.057971,NaN,NaN,0.469309,"0.028133
",NaN,NaN
3,TRAIN,distortion_new/20210905_170510.jpg,1,0.522165,0.064791,NaN,NaN,0.456522,"0.040921
",NaN,NaN
4,TRAIN,distortion_new/20210905_170510.jpg,0,0.462489,0.119352,NaN,NaN,0.563299,"0.083120
",NaN,NaN
5,TRAIN,distortion_new/20210905_170510.jpg,1,0.276641,0.109122,NaN,NaN,0.599105,0.049872,NaN,NaN
0,TRAIN,distortion_new/20210905_170703.jpg,1,0.240622,0.481244,NaN,NaN,0.531969,"0.248082
",NaN,NaN
1,TRAIN,distortion_new/20210905_170703.jpg,1,0.644928,0.289855,NaN,NaN,0.464194,"0.148338
",NaN,NaN
2,TRAIN,distortion_new/20210905_170703.jpg,1,0.641517,0.225064,NaN,NaN,0.384910,"0.097187
",NaN,NaN
3,TRAIN,distortion_new/20210905_170703.jpg,1,0.924766,0.150468,NaN,NaN,0.560742,"0.147059
",NaN,NaN
4,TRAIN,distortion_new/20210905_170703.jpg,1,0.089727,0.179454,NaN,NaN,0.352941,"0.125320
",NaN,NaN
5,TRAIN,distortion_new/20210905_170703.jpg,1,0.351662,0.248934,NaN,NaN,0.393223,"0.078005
",NaN,NaN
6,TRAIN,distortion_new/20210905_170703.jpg,1,0.238917,0.477834,NaN,NaN,0.505115,0.304348,NaN,NaN
0,TRAIN,distortion_new/20210905_165152.jpg,0,0.119778,0.225064,NaN,NaN,0.328645,"0.166240
",NaN,NaN
1,TRAIN,distortion_new/20210905_165152.jpg,0,0.280051,0.323956,NaN,NaN,0.351023,"0.141944
",NaN,NaN
2,TRAIN,distortion_new/20210905_165152.jpg,0,0.303069,0.291560,NaN,NaN,0.294118,"0.130435
",NaN,NaN
3,TRAIN,distortion_new/20210905_165152.jpg,0,0.463342,0.158568,NaN,NaN,0.241688,0.040921,NaN,NaN
0,TRAIN,distortion_new/20210905_170538.jpg,0,0.500853,0.158568,NaN,NaN,0.503836,"0.056266
",NaN,NaN
1,TRAIN,distortion_new/20210905_170538.jpg,0,0.613384,0.144928,NaN,NaN,0.503836,"0.043478
",NaN,NaN
2,TRAIN,distortion_new/20210905_170538.jpg,0,0.721654,0.170503,NaN,NaN,0.512788,0.048593,NaN,NaN
0,TRAIN,distortion_new/20210905_165624.jpg,1,0.314152,0.047741,NaN,NaN,0.528133,"0.033248
",NaN,NaN
1,TRAIN,distortion_new/20210905_165624.jpg,1,0.391731,0.046036,NaN,NaN,0.498721,"0.020460
",NaN,NaN
2,TRAIN,distortion_new/20210905_165624.jpg,1,0.095055,0.039216,NaN,NaN,0.574808,"0.037084
",NaN,NaN
3,TRAIN,distortion_new/20210905_165624.jpg,0,0.578431,0.228474,NaN,NaN,0.527494,0.083120,NaN,NaN
0,TRAIN,distortion_new/20210905_165031.jpg,1,0.610827,0.105712,NaN,NaN,0.434783,"0.079284
",NaN,NaN
1,TRAIN,distortion_new/20210905_165031.jpg,1,0.515345,0.129582,NaN,NaN,0.450767,"0.070332
",NaN,NaN
2,TRAIN,distortion_new/20210905_165031.jpg,1,0.438619,0.085251,NaN,NaN,0.473785,"0.054987
",NaN,NaN
3,TRAIN,distortion_new/20210905_165031.jpg,1,0.351662,0.078431,NaN,NaN,0.456522,0.053708,NaN,NaN
0,TRAIN,distortion_new/20210905_165632.jpg,0,0.262148,0.110827,NaN,NaN,0.490409,"0.037084
",NaN,NaN
1,TRAIN,distortion_new/20210905_165632.jpg,0,0.344842,0.085251,NaN,NaN,0.487852,"0.049872
",NaN,NaN
2,TRAIN,distortion_new/20210905_165632.jpg,0,0.436914,0.098892,NaN,NaN,0.500000,"0.043478
",NaN,NaN
3,TRAIN,distortion_new/20210905_165632.jpg,1,0.534101,0.057971,NaN,NaN,0.496164,"0.033248
",NaN,NaN
4,TRAIN,distortion_new/20210905_165632.jpg,1,0.732737,0.117647,NaN,NaN,0.523657,"0.052430
",NaN,NaN
5,TRAIN,distortion_new/20210905_165632.jpg,1,0.657715,0.046036,NaN,NaN,0.509591,0.034527,NaN,NaN
0,TRAIN,distortion_new/20210905_165153.jpg,0,0.531623,0.043159,NaN,NaN,0.503916,0.015185,NaN,NaN
0,TRAIN,distortion_new/20210905_170641(0).jpg,0,0.130861,0.236999,NaN,NaN,0.355499,"0.109974
",NaN,NaN
1,TRAIN,distortion_new/20210905_170641(0).jpg,0,0.306479,0.209719,NaN,NaN,0.391944,"0.139386
",NaN,NaN
2,TRAIN,distortion_new/20210905_170641(0).jpg,0,0.367008,0.190963,NaN,NaN,0.380435,0.159847,NaN,NaN
0,TRAIN,distortion_new/20210905_170627.jpg,1,0.713129,0.129582,NaN,NaN,0.517903,"0.046036
",NaN,NaN
1,TRAIN,distortion_new/20210905_170627.jpg,1,0.624467,0.047741,NaN,NaN,0.502558,"0.025575
",NaN,NaN
2,TRAIN,distortion_new/20210905_170627.jpg,1,0.505968,0.059676,NaN,NaN,0.489770,"0.033248
",NaN,NaN
3,TRAIN,distortion_new/20210905_170627.jpg,0,0.201620,0.112532,NaN,NaN,0.496803,"0.039642
",NaN,NaN
4,TRAIN,distortion_new/20210905_170627.jpg,0,0.288576,0.088662,NaN,NaN,0.491688,"0.054987
",NaN,NaN
5,TRAIN,distortion_new/20210905_170627.jpg,0,0.378090,0.093777,NaN,NaN,0.503836,"0.046036
",NaN,NaN
6,TRAIN,distortion_new/20210905_170627.jpg,0,0.423274,0.078431,NaN,NaN,0.506394,0.058824,NaN,NaN
0,TRAIN,distortion_new/20210905_165305.jpg,0,0.395993,0.177323,NaN,NaN,0.536445,"0.088235
",NaN,NaN
1,TRAIN,distortion_new/20210905_165305.jpg,0,0.274084,0.202899,NaN,NaN,0.573529,"0.101023
",NaN,NaN
2,TRAIN,distortion_new/20210905_165305.jpg,0,0.132566,0.192668,NaN,NaN,0.622762,0.079284,NaN,NaN
0,TRAIN,distortion_new/20210905_164923.jpg,0,0.505115,0.156863,NaN,NaN,0.542199,"0.061381
",NaN,NaN
1,TRAIN,distortion_new/20210905_164923.jpg,1,0.057332,0.114663,NaN,NaN,0.508312,"0.085678
",NaN,NaN
2,TRAIN,distortion_new/20210905_164923.jpg,1,0.147059,0.119352,NaN,NaN,0.494885,"0.081841
",NaN,NaN
3,TRAIN,distortion_new/20210905_164923.jpg,1,0.523018,0.056266,NaN,NaN,0.480179,"0.039642
",NaN,NaN
4,TRAIN,distortion_new/20210905_164923.jpg,1,0.440324,0.075021,NaN,NaN,0.473146,0.038363,NaN,NaN
0,TRAIN,distortion_new/20210905_170429.jpg,1,0.200767,0.206309,NaN,NaN,0.497442,"0.071611
",NaN,NaN
1,TRAIN,distortion_new/20210905_170429.jpg,1,0.060955,0.117647,NaN,NaN,0.515985,"0.057545
",NaN,NaN
2,TRAIN,distortion_new/20210905_170429.jpg,1,0.129156,0.069906,NaN,NaN,0.608056,"0.047315
",NaN,NaN
3,TRAIN,distortion_new/20210905_170429.jpg,1,0.331202,0.092072,NaN,NaN,0.686701,"0.048593
",NaN,NaN
4,TRAIN,distortion_new/20210905_170429.jpg,0,0.563086,0.139812,NaN,NaN,0.526215,0.078005,NaN,NaN
0,TRAIN,distortion_new/20210905_164921.jpg,1,0.396846,0.455243,NaN,NaN,0.436061,"0.219949
",NaN,NaN
1,TRAIN,distortion_new/20210905_164921.jpg,1,0.468457,0.438193,NaN,NaN,0.404731,0.085678,NaN,NaN
0,TRAIN,distortion_new/20210905_170406.jpg,0,0.408142,0.042626,NaN,NaN,0.521785,"0.014158
",NaN,NaN
1,TRAIN,distortion_new/20210905_170406.jpg,0,0.659024,0.058458,NaN,NaN,0.536856,0.018725,NaN,NaN
0,TRAIN,distortion_new/20210905_165411.jpg,1,0.563086,0.068201,NaN,NaN,0.477621,"0.044757
",NaN,NaN
1,TRAIN,distortion_new/20210905_165411.jpg,1,0.484655,0.061381,NaN,NaN,0.454604,"0.037084
",NaN,NaN
2,TRAIN,distortion_new/20210905_165411.jpg,1,0.048806,0.097612,NaN,NaN,0.645141,"0.052430
",NaN,NaN
3,TRAIN,distortion_new/20210905_165411.jpg,0,0.352515,0.168798,NaN,NaN,0.590153,"0.088235
",NaN,NaN
4,TRAIN,distortion_new/20210905_165411.jpg,0,0.474425,0.146633,NaN,NaN,0.579284,"0.079284
",NaN,NaN
5,TRAIN,distortion_new/20210905_165411.jpg,0,0.637255,0.124467,NaN,NaN,0.579923,0.072890,NaN,NaN
0,TRAIN,distortion_new/20210905_165646.jpg,0,0.054774,0.109548,NaN,NaN,0.511509,"0.051151
",NaN,NaN
1,TRAIN,distortion_new/20210905_165646.jpg,0,0.160699,0.115942,NaN,NaN,0.498721,"0.056266
",NaN,NaN
2,TRAIN,distortion_new/20210905_165646.jpg,0,0.286871,0.102302,NaN,NaN,0.507033,"0.052430
",NaN,NaN
3,TRAIN,distortion_new/20210905_165646.jpg,0,0.408781,0.100597,NaN,NaN,0.508312,"0.044757
",NaN,NaN
4,TRAIN,distortion_new/20210905_165646.jpg,1,0.373828,0.092072,NaN,NaN,0.485294,"0.039642
",NaN,NaN
5,TRAIN,distortion_new/20210905_165646.jpg,1,0.523870,0.095482,NaN,NaN,0.492967,"0.054987
",NaN,NaN
6,TRAIN,distortion_new/20210905_165646.jpg,1,0.455669,0.075021,NaN,NaN,0.476343,"0.052430
",NaN,NaN
7,TRAIN,distortion_new/20210905_165646.jpg,1,0.640665,0.138107,NaN,NaN,0.495524,0.057545,NaN,NaN
0,TRAIN,distortion_new/20210905_165611.jpg,0,0.522165,0.238704,NaN,NaN,0.503197,"0.052430
",NaN,NaN
1,TRAIN,distortion_new/20210905_165611.jpg,0,0.712276,0.213129,NaN,NaN,0.510870,0.037084,NaN,NaN
0,TRAIN,distortion_new/20210905_170643.jpg,0,0.109471,0.077501,NaN,NaN,0.542316,0.008138,NaN,NaN
0,TRAIN,distortion_new/20210905_165610(0).jpg,0,0.282609,0.260870,NaN,NaN,0.441176,"0.143223
",NaN,NaN
1,TRAIN,distortion_new/20210905_165610(0).jpg,0,0.467604,0.221654,NaN,NaN,0.469949,"0.134271
",NaN,NaN
2,TRAIN,distortion_new/20210905_165610(0).jpg,0,0.616795,0.206309,NaN,NaN,0.519182,"0.145780
",NaN,NaN
3,TRAIN,distortion_new/20210905_165610(0).jpg,0,0.781330,0.231884,NaN,NaN,0.572251,0.144501,NaN,NaN
0,TRAIN,distortion_new/20210905_165622.jpg,0,0.062447,0.124893,NaN,NaN,0.550512,"0.170077
",NaN,NaN
1,TRAIN,distortion_new/20210905_165622.jpg,0,0.117008,0.234015,NaN,NaN,0.626598,"0.158568
",NaN,NaN
2,TRAIN,distortion_new/20210905_165622.jpg,0,0.522165,0.184143,NaN,NaN,0.537084,"0.081841
",NaN,NaN
3,TRAIN,distortion_new/20210905_165622.jpg,0,0.419011,0.199488,NaN,NaN,0.542839,0.054987,NaN,NaN
0,TRAIN,distortion_new/20210905_165152(0).jpg,0,0.961424,0.077152,NaN,NaN,0.511509,"0.038363
",NaN,NaN
1,TRAIN,distortion_new/20210905_165152(0).jpg,0,0.493180,0.075021,NaN,NaN,0.494246,"0.024297
",NaN,NaN
2,TRAIN,distortion_new/20210905_165152(0).jpg,0,0.563939,0.086957,NaN,NaN,0.488491,"0.028133
",NaN,NaN
3,TRAIN,distortion_new/20210905_165152(0).jpg,0,0.736147,0.059676,NaN,NaN,0.479540,"0.025575
",NaN,NaN
4,TRAIN,distortion_new/20210905_165152(0).jpg,0,0.256181,0.085251,NaN,NaN,0.501279,"0.025575
",NaN,NaN
5,TRAIN,distortion_new/20210905_165152(0).jpg,0,0.380648,0.078431,NaN,NaN,0.499361,0.024297,NaN,NaN
0,TRAIN,distortion_new/20210905_165548.jpg,0,0.578431,0.228474,NaN,NaN,0.434143,"0.116368
",NaN,NaN
1,TRAIN,distortion_new/20210905_165548.jpg,0,0.719096,0.213129,NaN,NaN,0.491688,"0.090793
",NaN,NaN
2,TRAIN,distortion_new/20210905_165548.jpg,0,0.872549,0.250639,NaN,NaN,0.531969,0.076726,NaN,NaN
0,TRAIN,distortion_new/20210905_170642.jpg,1,0.364450,0.533674,NaN,NaN,0.514706,"0.257033
",NaN,NaN
1,TRAIN,distortion_new/20210905_170642.jpg,1,0.636402,0.371697,NaN,NaN,0.575448,"0.286445
",NaN,NaN
2,TRAIN,distortion_new/20210905_170642.jpg,1,0.746377,0.404092,NaN,NaN,0.601023,"0.212276
",NaN,NaN
3,TRAIN,distortion_new/20210905_170642.jpg,0,0.890452,0.173913,NaN,NaN,0.429028,0.070332,NaN,NaN
0,TRAIN,distortion_new/20210905_165626.jpg,1,0.117860,0.235720,NaN,NaN,0.496803,"0.254476
",NaN,NaN
1,TRAIN,distortion_new/20210905_165626.jpg,1,0.166454,0.332907,NaN,NaN,0.377877,"0.157289
",NaN,NaN
2,TRAIN,distortion_new/20210905_165626.jpg,1,0.511935,0.225064,NaN,NaN,0.416880,"0.158568
",NaN,NaN
3,TRAIN,distortion_new/20210905_165626.jpg,1,0.606564,0.294970,NaN,NaN,0.394501,"0.198210
",NaN,NaN
4,TRAIN,distortion_new/20210905_165626.jpg,1,0.321824,0.233589,NaN,NaN,0.424552,"0.132992
",NaN,NaN
5,TRAIN,distortion_new/20210905_165626.jpg,1,0.880435,0.239130,NaN,NaN,0.548593,0.194373,NaN,NaN
0,TRAIN,distortion_new/20210905_170632.jpg,0,0.153026,0.298380,NaN,NaN,0.459719,"0.144501
",NaN,NaN
1,TRAIN,distortion_new/20210905_170632.jpg,0,0.343137,0.235294,NaN,NaN,0.498721,"0.148338
",NaN,NaN
2,TRAIN,distortion_new/20210905_170632.jpg,0,0.453964,0.269395,NaN,NaN,0.480179,"0.147059
",NaN,NaN
3,TRAIN,distortion_new/20210905_170632.jpg,0,0.635550,0.226769,NaN,NaN,0.533887,"0.154731
",NaN,NaN
4,TRAIN,distortion_new/20210905_170632.jpg,0,0.730179,0.180733,NaN,NaN,0.589514,0.117647,NaN,NaN
0,TRAIN,distortion_new/20210905_170542.jpg,0,0.709719,0.364876,NaN,NaN,0.534527,"0.191816
",NaN,NaN
1,TRAIN,distortion_new/20210905_170542.jpg,0,0.432651,0.315431,NaN,NaN,0.469949,"0.126598
",NaN,NaN
2,TRAIN,distortion_new/20210905_170542.jpg,0,0.184569,0.323956,NaN,NaN,0.441176,0.132992,NaN,NaN
0,TRAIN,distortion_new/20210905_164912.jpg,0,0.367647,0.137011,NaN,NaN,0.565857,"0.041103
",NaN,NaN
1,TRAIN,distortion_new/20210905_164912.jpg,0,0.317714,0.141883,NaN,NaN,0.525438,"0.048867
",NaN,NaN
2,TRAIN,distortion_new/20210905_164912.jpg,0,0.245250,0.068810,NaN,NaN,0.549415,"0.034710
",NaN,NaN
3,TRAIN,distortion_new/20210905_164912.jpg,0,0.415449,0.114481,NaN,NaN,0.525895,"0.059828
",NaN,NaN
4,TRAIN,distortion_new/20210905_164912.jpg,0,0.489739,0.088905,NaN,NaN,0.526352,0.031513,NaN,NaN
0,TRAIN,distortion_new/20210905_165705(0).jpg,0,0.046249,0.092498,NaN,NaN,0.482097,"0.074169
",NaN,NaN
1,TRAIN,distortion_new/20210905_165705(0).jpg,0,0.124893,0.112532,NaN,NaN,0.480818,"0.058824
",NaN,NaN
2,TRAIN,distortion_new/20210905_165705(0).jpg,0,0.227195,0.143223,NaN,NaN,0.481458,"0.054987
",NaN,NaN
3,TRAIN,distortion_new/20210905_165705(0).jpg,0,0.384910,0.138107,NaN,NaN,0.488491,"0.051151
",NaN,NaN
4,TRAIN,distortion_new/20210905_165705(0).jpg,0,0.460784,0.109122,NaN,NaN,0.477621,"0.047315
",NaN,NaN
5,TRAIN,distortion_new/20210905_165705(0).jpg,0,0.309889,0.097187,NaN,NaN,0.475064,0.047315,NaN,NaN
0,TRAIN,distortion_new/20210905_165306.jpg,1,0.036019,0.072038,NaN,NaN,0.475064,"0.039642
",NaN,NaN
1,TRAIN,distortion_new/20210905_165306.jpg,1,0.477835,0.078431,NaN,NaN,0.470588,"0.071611
",NaN,NaN
2,TRAIN,distortion_new/20210905_165306.jpg,1,0.494032,0.097187,NaN,NaN,0.447570,0.051151,NaN,NaN
0,TRAIN,distortion_new/20210905_165609.jpg,0,0.137681,0.076726,NaN,NaN,0.448210,"0.029412
",NaN,NaN
1,TRAIN,distortion_new/20210905_165609.jpg,0,0.048167,0.078431,NaN,NaN,0.445652,0.031969,NaN,NaN
0,TRAIN,distortion_new/20210905_165059.jpg,0,0.699220,0.106091,NaN,NaN,0.525244,"0.043573
",NaN,NaN
1,TRAIN,distortion_new/20210905_165059.jpg,0,0.284330,0.046730,NaN,NaN,0.484749,"0.019418
",NaN,NaN
2,TRAIN,distortion_new/20210905_165059.jpg,0,0.433677,0.034732,NaN,NaN,0.488065,"0.016577
",NaN,NaN
3,TRAIN,distortion_new/20210905_165059.jpg,0,0.385368,0.044204,NaN,NaN,0.487354,"0.012314
",NaN,NaN
4,TRAIN,distortion_new/20210905_165059.jpg,0,0.810679,0.137034,NaN,NaN,0.505115,0.024155,NaN,NaN
0,TRAIN,distortion_new/20210905_170408.jpg,0,0.122123,0.244246,NaN,NaN,0.460997,"0.234015
",NaN,NaN
1,TRAIN,distortion_new/20210905_170408.jpg,0,0.243393,0.301790,NaN,NaN,0.544757,0.204604,NaN,NaN
0,TRAIN,distortion_new/20210905_164950(0).jpg,0,0.674766,0.312020,NaN,NaN,0.458440,"0.126598
",NaN,NaN
1,TRAIN,distortion_new/20210905_164950(0).jpg,0,0.851236,0.242114,NaN,NaN,0.519182,0.094629,NaN,NaN
0,TRAIN,distortion_new/20210905_165027.jpg,0,0.568201,0.119352,NaN,NaN,0.462916,"0.038363
",NaN,NaN
1,TRAIN,distortion_new/20210905_165027.jpg,0,0.473572,0.086957,NaN,NaN,0.466113,"0.026854
",NaN,NaN
2,TRAIN,distortion_new/20210905_165027.jpg,0,0.355072,0.136402,NaN,NaN,0.469309,"0.023018
",NaN,NaN
3,TRAIN,distortion_new/20210905_165027.jpg,0,0.900682,0.088662,NaN,NaN,0.472506,0.024297,NaN,NaN
0,TRAIN,distortion_new/20210905_165643.jpg,0,0.436061,0.182438,NaN,NaN,0.386189,"0.135550
",NaN,NaN
1,TRAIN,distortion_new/20210905_165643.jpg,0,0.591219,0.189258,NaN,NaN,0.441816,"0.116368
",NaN,NaN
2,TRAIN,distortion_new/20210905_165643.jpg,0,0.683291,0.185848,NaN,NaN,0.461637,"0.086957
",NaN,NaN
3,TRAIN,distortion_new/20210905_165643.jpg,0,0.840153,0.172208,NaN,NaN,0.504476,"0.090793
",NaN,NaN
4,TRAIN,distortion_new/20210905_165643.jpg,0,0.939898,0.115942,NaN,NaN,0.537084,0.084399,NaN,NaN
0,TRAIN,distortion_new/20210905_165030.jpg,1,0.374680,0.022165,NaN,NaN,0.534527,"0.020460
",NaN,NaN
1,TRAIN,distortion_new/20210905_165030.jpg,1,0.413896,0.032396,NaN,NaN,0.524936,"0.024297
",NaN,NaN
2,TRAIN,distortion_new/20210905_165030.jpg,1,0.506820,0.095482,NaN,NaN,0.519821,0.083120,NaN,NaN
0,TRAIN,distortion_new/20210905_165410(0).jpg,1,0.794118,0.151748,NaN,NaN,0.492967,"0.062660
",NaN,NaN
1,TRAIN,distortion_new/20210905_165410(0).jpg,1,0.657715,0.063086,NaN,NaN,0.467391,"0.039642
",NaN,NaN
2,TRAIN,distortion_new/20210905_165410(0).jpg,1,0.517050,0.064791,NaN,NaN,0.461637,"0.038363
",NaN,NaN
3,TRAIN,distortion_new/20210905_165410(0).jpg,0,0.142796,0.148338,NaN,NaN,0.484655,"0.063939
",NaN,NaN
4,TRAIN,distortion_new/20210905_165410(0).jpg,0,0.261296,0.129582,NaN,NaN,0.480818,"0.081841
",NaN,NaN
5,TRAIN,distortion_new/20210905_165410(0).jpg,0,0.400256,0.121057,NaN,NaN,0.485294,"0.072890
",NaN,NaN
6,TRAIN,distortion_new/20210905_165410(0).jpg,0,0.523870,0.163683,NaN,NaN,0.503197,0.037084,NaN,NaN
0,TRAIN,distortion_new/20210905_170732.jpg,0,0.403270,0.028011,NaN,NaN,0.478855,"0.017811
",NaN,NaN
1,TRAIN,distortion_new/20210905_170732.jpg,0,0.444069,0.051151,NaN,NaN,0.479311,"0.014158
",NaN,NaN
2,TRAIN,distortion_new/20210905_170732.jpg,0,0.374954,0.059067,NaN,NaN,0.485020,"0.004567
",NaN,NaN
3,TRAIN,distortion_new/20210905_170732.jpg,0,0.600871,0.048106,NaN,NaN,0.474744,0.014158,NaN,NaN
0,TRAIN,distortion_new/20210905_165101.jpg,1,0.519608,0.254049,NaN,NaN,0.406010,"0.088235
",NaN,NaN
1,TRAIN,distortion_new/20210905_165101.jpg,1,0.505968,0.097187,NaN,NaN,0.403453,"0.054987
",NaN,NaN
2,TRAIN,distortion_new/20210905_165101.jpg,1,0.354220,0.076726,NaN,NaN,0.404092,0.071611,NaN,NaN
0,TRAIN,distortion_new/20210905_165408.jpg,0,0.374345,0.056631,NaN,NaN,0.479540,"0.033796
",NaN,NaN
1,TRAIN,distortion_new/20210905_165408.jpg,0,0.290616,0.062112,NaN,NaN,0.488445,"0.024205
",NaN,NaN
2,TRAIN,distortion_new/20210905_165408.jpg,0,0.480605,0.075508,NaN,NaN,0.470634,0.027859,NaN,NaN
0,TRAIN,distortion_new/20210905_165545.jpg,0,0.382353,0.262575,NaN,NaN,0.469949,"0.088235
",NaN,NaN
1,TRAIN,distortion_new/20210905_165545.jpg,0,0.591219,0.206309,NaN,NaN,0.447570,"0.109974
",NaN,NaN
2,TRAIN,distortion_new/20210905_165545.jpg,0,0.771952,0.257460,NaN,NaN,0.479540,"0.104859
",NaN,NaN
3,TRAIN,distortion_new/20210905_165545.jpg,0,0.921142,0.143223,NaN,NaN,0.526215,0.111253,NaN,NaN
0,TRAIN,distortion_new/20210905_165610.jpg,1,0.384697,0.051151,NaN,NaN,0.497833,"0.016695
",NaN,NaN
1,TRAIN,distortion_new/20210905_165610.jpg,1,0.427797,0.020839,NaN,NaN,0.501918,"0.013498
",NaN,NaN
2,TRAIN,distortion_new/20210905_165610.jpg,1,0.584091,0.033153,NaN,NaN,0.500853,"0.011367
",NaN,NaN
3,TRAIN,distortion_new/20210905_165610.jpg,1,0.671948,0.026996,NaN,NaN,0.473146,"0.015629
",NaN,NaN
4,TRAIN,distortion_new/20210905_165610.jpg,0,0.469238,0.053519,NaN,NaN,0.508845,"0.030904
",NaN,NaN
5,TRAIN,distortion_new/20210905_165610.jpg,0,0.513759,0.072464,NaN,NaN,0.510088,"0.023444
",NaN,NaN
6,TRAIN,distortion_new/20210905_165610.jpg,0,0.614640,0.095197,NaN,NaN,0.532644,"0.029483
",NaN,NaN
7,TRAIN,distortion_new/20210905_165610.jpg,0,0.559463,0.050204,NaN,NaN,0.515772,0.019892,NaN,NaN
0,TRAIN,distortion_new/20210905_165614(0).jpg,1,0.512930,0.034617,NaN,NaN,0.517515,"0.016663
",NaN,NaN
1,TRAIN,distortion_new/20210905_165614(0).jpg,1,0.567181,0.032551,NaN,NaN,0.512865,"0.019763
",NaN,NaN
2,TRAIN,distortion_new/20210905_165614(0).jpg,1,0.537989,0.041334,NaN,NaN,0.515578,"0.015888
",NaN,NaN
3,TRAIN,distortion_new/20210905_165614(0).jpg,1,0.477021,0.057868,NaN,NaN,0.519065,"0.013563
",NaN,NaN
4,TRAIN,distortion_new/20210905_165614(0).jpg,0,0.540572,0.047534,NaN,NaN,0.498140,"0.036038
",NaN,NaN
5,TRAIN,distortion_new/20210905_165614(0).jpg,0,0.671033,0.111085,NaN,NaN,0.548903,0.032163,NaN,NaN
0,TRAIN,distortion_new/20210905_170730.jpg,0,0.285166,0.085251,NaN,NaN,0.461637,"0.033248
",NaN,NaN
1,TRAIN,distortion_new/20210905_170730.jpg,1,0.580136,0.085251,NaN,NaN,0.488491,"0.028133
",NaN,NaN
2,TRAIN,distortion_new/20210905_170730.jpg,0,0.385763,0.095482,NaN,NaN,0.468031,0.028133,NaN,NaN
0,TRAIN,distortion_new/20210905_165349.jpg,0,0.606564,0.172208,NaN,NaN,0.504476,"0.085678
",NaN,NaN
1,TRAIN,distortion_new/20210905_165349.jpg,1,0.411338,0.146633,NaN,NaN,0.470588,"0.048593
",NaN,NaN
2,TRAIN,distortion_new/20210905_165349.jpg,1,0.313299,0.059676,NaN,NaN,0.477621,0.034527,NaN,NaN
0,TRAIN,distortion_new/20210905_165630.jpg,0,0.476130,0.235294,NaN,NaN,0.574808,"0.057545
",NaN,NaN
1,TRAIN,distortion_new/20210905_165630.jpg,1,0.263853,0.056266,NaN,NaN,0.481458,"0.029412
",NaN,NaN
2,TRAIN,distortion_new/20210905_165630.jpg,1,0.329497,0.092072,NaN,NaN,0.476343,"0.049872
",NaN,NaN
3,TRAIN,distortion_new/20210905_165630.jpg,1,0.413043,0.088662,NaN,NaN,0.471867,0.046036,NaN,NaN
0,TRAIN,distortion_new/20210905_170551.jpg,0,0.379795,0.219949,NaN,NaN,0.400256,"0.140665
",NaN,NaN
1,TRAIN,distortion_new/20210905_170551.jpg,0,0.550298,0.277920,NaN,NaN,0.443734,"0.127877
",NaN,NaN
2,TRAIN,distortion_new/20210905_170551.jpg,0,0.702899,0.170503,NaN,NaN,0.485294,"0.136829
",NaN,NaN
3,TRAIN,distortion_new/20210905_170551.jpg,0,0.848679,0.216539,NaN,NaN,0.544757,0.132992,NaN,NaN
0,TRAIN,distortion_new/20210905_170422.jpg,0,0.321824,0.100597,NaN,NaN,0.520460,"0.028133
",NaN,NaN
1,TRAIN,distortion_new/20210905_170422.jpg,0,0.451407,0.134697,NaN,NaN,0.537724,"0.039642
",NaN,NaN
2,TRAIN,distortion_new/20210905_170422.jpg,0,0.552856,0.098892,NaN,NaN,0.551790,0.037084,NaN,NaN
0,TRAIN,distortion_new/20210905_165546.jpg,0,0.354859,0.082207,NaN,NaN,0.492556,"0.024205
",NaN,NaN
1,TRAIN,distortion_new/20210905_165546.jpg,0,0.230940,0.107173,NaN,NaN,0.493469,"0.022379
",NaN,NaN
2,TRAIN,distortion_new/20210905_165546.jpg,0,0.820393,0.118134,NaN,NaN,0.523612,"0.030599
",NaN,NaN
3,TRAIN,distortion_new/20210905_165546.jpg,0,0.686122,0.143101,NaN,NaN,0.518360,"0.037450
",NaN,NaN
4,TRAIN,distortion_new/20210905_165546.jpg,0,0.621575,0.129704,NaN,NaN,0.511281,"0.041560
",NaN,NaN
5,TRAIN,distortion_new/20210905_165546.jpg,0,0.512575,0.112654,NaN,NaN,0.502375,"0.031056
",NaN,NaN
6,TRAIN,distortion_new/20210905_165546.jpg,0,0.436762,0.144928,NaN,NaN,0.492556,"0.036080
",NaN,NaN
7,TRAIN,distortion_new/20210905_165546.jpg,0,0.289398,0.073073,NaN,NaN,0.482508,0.033339,NaN,NaN
0,TRAIN,distortion_new/20210905_165319.jpg,0,0.061594,0.123188,NaN,NaN,0.434143,"0.090793
",NaN,NaN
1,TRAIN,distortion_new/20210905_165319.jpg,0,0.187127,0.117647,NaN,NaN,0.418798,"0.080563
",NaN,NaN
2,TRAIN,distortion_new/20210905_165319.jpg,0,0.903453,0.193094,NaN,NaN,0.559463,"0.080563
",NaN,NaN
3,TRAIN,distortion_new/20210905_165319.jpg,0,0.350810,0.144928,NaN,NaN,0.462916,0.074169,NaN,NaN
0,TRAIN,distortion_new/20210905_164927.jpg,0,0.309544,0.040596,NaN,NaN,0.466447,"0.026793
",NaN,NaN
1,TRAIN,distortion_new/20210905_164927.jpg,0,0.719157,0.078756,NaN,NaN,0.497199,"0.037145
",NaN,NaN
2,TRAIN,distortion_new/20210905_164927.jpg,0,0.771932,0.098242,NaN,NaN,0.487760,"0.032883
",NaN,NaN
3,TRAIN,distortion_new/20210905_164927.jpg,0,0.476393,0.082004,NaN,NaN,0.460358,"0.031665
",NaN,NaN
4,TRAIN,distortion_new/20210905_164927.jpg,0,0.836480,0.079568,NaN,NaN,0.496285,0.034101,NaN,NaN
0,TRAIN,distortion_new/20210905_170446.jpg,0,0.164109,0.303495,NaN,NaN,0.324169,"0.144501
",NaN,NaN
1,TRAIN,distortion_new/20210905_170446.jpg,0,0.354220,0.213129,NaN,NaN,0.365090,"0.149616
",NaN,NaN
2,TRAIN,distortion_new/20210905_170446.jpg,0,0.455669,0.221654,NaN,NaN,0.338235,"0.164962
",NaN,NaN
3,TRAIN,distortion_new/20210905_170446.jpg,0,0.575021,0.214834,NaN,NaN,0.319693,0.150895,NaN,NaN
0,TRAIN,distortion_new/20210905_165617.jpg,0,0.788150,0.211424,NaN,NaN,0.496164,"0.168798
",NaN,NaN
1,TRAIN,distortion_new/20210905_165617.jpg,0,0.616795,0.240409,NaN,NaN,0.529412,"0.153453
",NaN,NaN
2,TRAIN,distortion_new/20210905_165617.jpg,0,0.345695,0.090367,NaN,NaN,0.544118,0.083120,NaN,NaN
0,TRAIN,distortion_new/20210905_165412.jpg,0,0.061594,0.123188,NaN,NaN,0.578645,"0.134271
",NaN,NaN
1,TRAIN,distortion_new/20210905_165412.jpg,0,0.107630,0.215260,NaN,NaN,0.699488,"0.163683
",NaN,NaN
2,TRAIN,distortion_new/20210905_165412.jpg,0,0.184569,0.218244,NaN,NaN,0.543478,"0.102302
",NaN,NaN
3,TRAIN,distortion_new/20210905_165412.jpg,0,0.482097,0.230179,NaN,NaN,0.617647,"0.094629
",NaN,NaN
4,TRAIN,distortion_new/20210905_165412.jpg,0,0.587809,0.202899,NaN,NaN,0.518542,"0.098465
",NaN,NaN
5,TRAIN,distortion_new/20210905_165412.jpg,0,0.447144,0.115942,NaN,NaN,0.480818,"0.092072
",NaN,NaN
6,TRAIN,distortion_new/20210905_165412.jpg,0,0.342285,0.151748,NaN,NaN,0.535806,"0.063939
",NaN,NaN
7,TRAIN,distortion_new/20210905_165412.jpg,1,0.279199,0.097187,NaN,NaN,0.468670,"0.049872
",NaN,NaN
8,TRAIN,distortion_new/20210905_165412.jpg,1,0.365303,0.081841,NaN,NaN,0.484015,"0.039642
",NaN,NaN
9,TRAIN,distortion_new/20210905_165412.jpg,1,0.331202,0.071611,NaN,NaN,0.587596,0.060102,NaN,NaN
0,TRAIN,distortion_new/20210905_164922.jpg,0,0.277494,0.066496,NaN,NaN,0.466113,"0.026854
",NaN,NaN
1,TRAIN,distortion_new/20210905_164922.jpg,0,0.363598,0.109122,NaN,NaN,0.468031,"0.040921
",NaN,NaN
2,TRAIN,distortion_new/20210905_164922.jpg,0,0.481245,0.081841,NaN,NaN,0.485934,"0.038363
",NaN,NaN
3,TRAIN,distortion_new/20210905_164922.jpg,1,0.618500,0.093777,NaN,NaN,0.501279,"0.033248
",NaN,NaN
4,TRAIN,distortion_new/20210905_164922.jpg,1,0.563939,0.039216,NaN,NaN,0.493606,0.028133,NaN,NaN
0,TRAIN,distortion_new/20210905_165708.jpg,0,0.086317,0.172634,NaN,NaN,0.546036,"0.097187
",NaN,NaN
1,TRAIN,distortion_new/20210905_165708.jpg,0,0.286019,0.155158,NaN,NaN,0.558184,"0.088235
",NaN,NaN
2,TRAIN,distortion_new/20210905_165708.jpg,0,0.531543,0.093777,NaN,NaN,0.478261,"0.030691
",NaN,NaN
3,TRAIN,distortion_new/20210905_165708.jpg,1,0.707161,0.172208,NaN,NaN,0.534527,"0.076726
",NaN,NaN
4,TRAIN,distortion_new/20210905_165708.jpg,1,0.532396,0.102302,NaN,NaN,0.511509,"0.035806
",NaN,NaN
5,TRAIN,distortion_new/20210905_165708.jpg,1,0.387468,0.081841,NaN,NaN,0.500639,0.044757,NaN,NaN
0,TRAIN,distortion_new/20210905_165544.jpg,0,0.247026,0.144522,NaN,NaN,0.536475,"0.057240
",NaN,NaN
1,TRAIN,distortion_new/20210905_165544.jpg,0,0.201559,0.123412,NaN,NaN,0.497503,"0.049933
",NaN,NaN
2,TRAIN,distortion_new/20210905_165544.jpg,0,0.292494,0.108797,NaN,NaN,0.511204,"0.051760
",NaN,NaN
3,TRAIN,distortion_new/20210905_165544.jpg,0,0.368002,0.154265,NaN,NaN,0.499635,"0.055413
",NaN,NaN
4,TRAIN,distortion_new/20210905_165544.jpg,0,0.270166,0.137214,NaN,NaN,0.505420,0.085251,NaN,NaN
0,TRAIN,distortion_new/20210905_165549.jpg,0,0.442882,0.100597,NaN,NaN,0.510230,"0.043478
",NaN,NaN
1,TRAIN,distortion_new/20210905_165549.jpg,0,0.558824,0.121057,NaN,NaN,0.521100,0.042199,NaN,NaN
0,TRAIN,distortion_new/20210905_170733.jpg,1,0.592072,0.129582,NaN,NaN,0.315217,"0.095908
",NaN,NaN
1,TRAIN,distortion_new/20210905_170733.jpg,1,0.816496,0.367008,NaN,NaN,0.421355,"0.223785
",NaN,NaN
2,TRAIN,distortion_new/20210905_170733.jpg,1,0.127238,0.254476,NaN,NaN,0.520460,0.268542,NaN,NaN
0,TRAIN,distortion_new/20210905_165551.jpg,1,0.143436,0.286871,NaN,NaN,0.402813,"0.212276
",NaN,NaN
1,TRAIN,distortion_new/20210905_165551.jpg,1,0.408781,0.537084,NaN,NaN,0.512788,"0.340153
",NaN,NaN
2,TRAIN,distortion_new/20210905_165551.jpg,1,0.901748,0.196504,NaN,NaN,0.512148,"0.154731
",NaN,NaN
3,TRAIN,distortion_new/20210905_165551.jpg,1,0.602302,0.146633,NaN,NaN,0.365090,"0.078005
",NaN,NaN
4,TRAIN,distortion_new/20210905_165551.jpg,1,0.695226,0.223359,NaN,NaN,0.469309,0.115090,NaN,NaN
